unique_id,year_of_birth,gender,dispersal_area,date_started_service,housing_entry_date,housing_entry_accomodation,housing_sustainment_date,ni_number,temp_ni_number,nationality,referral_source,transgender,current_dependents_uk,age_profile_of_dependents_uk,date_arrived_in_uk,date_asylum_status_granted,language_level_on_entry,highest_qualification_achieved,age_finished_study,employed_in_home_country,occupation_type,occupation_sector,occupation_goal,economic_status,housing_baseline_accommodation,integration_outcome_type_creation,integration_outcome_achieved_date_creation,integration_social_creation,integration_comms_language_creation,integration_digital_creation,integration_outcome_type_6month,integration_outcome_achieved_date_6month,integration_social_6month,integration_comms_language_6month,integration_digital_6month,integration_outcome_type_12month,integration_outcome_achieved_date_12month,integration_social_12month,integration_comms_language_12month,integration_digital_12month,date_intermediate_employment_outcome,intermediate_employment_outcome_type,employment_entry_outcome_type,date_employment_entry,employment_entry_details,employment_entry_occupation,employment_entry_sector,employment_sustainment_date,date_last_seen
DP-14,1989,Woman,Area 1,2022-08-26,2022-12-22,tbc,2023-03-28,AY391500A,,CZ,tbc,,No,,2020-06-10,2021-07-22,Below formal levels,Level 5+,,No,go,,,Unemployed (but looking/available for work),tbc,Creation,2023-02-02,tbc,tbc,tbc,6 month,2023-08-03,tbc,tbc,tbc,,,,,,,,Self-employment,2023-01-10,PT 0-15 hours per week,tough,various,,
NB-83,1981,Woman,Area 2,2021-11-20,,,,YZ579032B,,SN,tbc,Prefer not to say,Yes,"11-17, 5-11",2019-12-24,2021-02-17,Entry level 1,Entry level,,No,fund,build,imagine,Self employed,tbc,Creation,2022-11-05,tbc,tbc,tbc,6 month,2023-08-12,tbc,tbc,tbc,12 month,2024-02-17,tbc,tbc,tbc,2023-05-19,"another specified activity, Internship",Employment,2022-10-21,Government employment & training programme,trip,state,2023-09-22,
JA-96,1979,Prefer not to say,Area 2,2022-04-13,,,,CG878310B,83T45984,GQ,tbc,,No,"11-17, 0-4, Caring responsibilities for an adult",2017-10-11,2021-01-04,Level 2,Level 5+,,No,find,,,Government employment & training programme,tbc,Creation,2023-02-03,tbc,tbc,tbc,6 month,2023-08-13,tbc,tbc,tbc,12 month,2024-02-04,tbc,tbc,tbc,,,,,,,,,
YR-39,1989,Non-binary,Area 1,2022-03-27,2022-12-20,tbc,2023-04-27,,,,,,,,,,,,,,,,,,,,,,,,,,,,,,,,,,2023-02-14,sector-specific language training,Employment,2022-11-29,PT 16-30 hours per week,executive,avoid,,2021-11-01
QV-51,1967,Non-binary,Area 3,2022-04-13,,,,MS059832B,34T17684,TH,tbc,Do not identify as Transgender,No,"0-4, 11-17, Caring responsibilities for an adult, 5-11",2018-04-16,2022-01-28,Level 2,Below formal levels,,No,,,rich,Self employed,tbc,,,,,,,,,,,,,,,,2023-03-21,mentoring and/or coaching,Self-employment,2022-11-30,PT 0-15 hours per week,quite,collection,2023-11-08,
FE-96,1972,Man,Area 2,2022-05-24,,,,,,EH,tbc,,Yes,,2019-09-24,2020-07-05,Entry level 2,Level 3-4,,No,gas,prevent,,PT 16-30 hours per week,tbc,Creation,2022-11-18,tbc,tbc,tbc,,,,,,,,,,,2023-05-16,employability,Self-employment,2022-11-20,Government employment & training programme,table,concern,2023-07-09,
QL-21,1977,Non-binary,Area 2,2021-10-06,,,,YA971663C,,RS,tbc,,No,,2018-05-16,2021-01-17,Entry level 2,Below formal levels,,No,pretty,,,PT 16-30 hours per week,tbc,Creation,2023-01-26,tbc,tbc,tbc,6 month,2023-08-14,tbc,tbc,tbc,12 month,2024-02-07,tbc,tbc,tbc,2023-05-20,"business plan for self-employment, Volunteering",Employment,2022-11-18,PT 0-15 hours per week,then,reason,2023-11-09,
WH-95,1999,Man,Area 3,2022-08-03,2022-11-21,tbc,2023-09-19,,,,,,,,,,,,,,,,,,,Creation,2023-01-06,tbc,tbc,tbc,6 month,2023-08-16,tbc,tbc,tbc,12 month,2024-02-27,tbc,tbc,tbc,2023-04-15,,Employment,2022-12-12,FT 31 hours +,particularly,live,2023-06-20,
FY-36,1959,Woman,Area 3,2022-05-14,2023-01-23,tbc,,BL008082A,,LC,tbc,,No,"11-17, 0-4, 5-11",2019-10-02,2021-03-14,Below formal levels,Level 5+,,No,,example,,PT 16-30 hours per week,tbc,Creation,2023-01-01,tbc,tbc,tbc,6 month,2023-08-27,tbc,tbc,tbc,12 month,2024-02-21,tbc,tbc,tbc,2023-04-22,,Employment,2022-12-10,PT 0-15 hours per week,theory,six,2023-06-27,
KX-54,1991,Man,Area 3,2022-03-12,,,,,,ST,tbc,,Yes,"11-17, 5-11",2019-10-13,2020-11-13,Level 1,Entry level,,Yes,,,item,Long term sick or disabled,tbc,Creation,2023-02-11,tbc,tbc,tbc,6 month,2023-08-22,tbc,tbc,tbc,12 month,2024-02-20,tbc,tbc,tbc,2023-03-05,business plan for self-employment,Self-employment,2022-12-29,Government employment & training programme,firm,quality,2023-10-04,
US-69,1978,Other,Area 3,2022-09-25,,,,AC905664A,,KM,tbc,,No,,2017-05-16,2020-04-11,Entry level 3,Entry level,,No,my,kitchen,,Looking after family/home,tbc,Creation,2022-12-17,tbc,tbc,tbc,6 month,2023-08-11,tbc,tbc,tbc,12 month,2024-02-23,tbc,tbc,tbc,,,,,,,,,
MD-87,1989,Other,Area 3,2022-03-23,,,,EA783957C,,ET,tbc,Identify as transgender,No,Caring responsibilities for an adult,2018-10-13,2021-10-13,Below formal levels,Level 5+,,No,safe,million,hold,Self employed,tbc,Creation,2022-12-22,tbc,tbc,tbc,6 month,2023-08-08,tbc,tbc,tbc,12 month,2024-02-17,tbc,tbc,tbc,2023-03-02,qualifications or skills,Self-employment,2023-02-12,PT 16-30 hours per week,analysis,best,2023-09-04,
QK-40,1964,Woman,Area 2,2021-11-06,2023-01-16,tbc,2023-07-29,BX643482A,36T48048,LY,tbc,Identify as transgender,Yes,,2019-08-17,2021-08-31,Below formal levels,Level 3-4,,Yes,,,suddenly,Unpaid work for relatives business,tbc,,,,,,,,,,,,,,,,2023-04-22,qualifications or skills,Self-employment,2022-09-27,PT 0-15 hours per week,start,respond,2023-11-01,
IZ-58,2001,Other,Area 1,2021-11-24,,,,SS056540D,,GQ,tbc,,Yes,,2017-11-10,2021-04-16,Level 1,Below formal levels,,Yes,these,,drive,Unpaid work for relatives business,tbc,,,,,,,,,,,,,,,,2023-04-24,,Employment,2022-12-26,PT 0-15 hours per week,within,car,2023-08-31,
IA-81,2000,Woman,Area 2,2021-11-30,,,,HR531882A,,SM,tbc,,Yes,"0-4, Caring responsibilities for an adult",2017-08-07,2021-03-18,Entry level 2,Below formal levels,,No,,cell,,Unpaid work for relatives business,tbc,,,,,,,,,,,,,,,,2023-02-26,Volunteering,Employment,2023-02-08,PT 16-30 hours per week,far,statement,2023-08-12,
RT-19,1986,Woman,Area 3,2022-01-07,,,,ZG006662A,,BY,tbc,Identify as transgender,Yes,"11-17, 0-4, 5-11",2017-11-02,2022-02-06,Pre-entry,Level 3-4,,No,cause,,,Unemployed (but looking/available for work),tbc,Creation,2022-12-12,tbc,tbc,tbc,6 month,2023-08-07,tbc,tbc,tbc,,,,,,,,,,,,,,
VE-71,1958,Man,Area 2,2022-03-13,,,,,,,,,,,,,,,,,,,,,,Creation,2023-02-04,tbc,tbc,tbc,6 month,2023-08-11,tbc,tbc,tbc,,,,,,,,,,,,,,
SM-81,1984,Prefer not to say,Area 2,2022-04-01,2023-01-22,tbc,,,,,,,,,,,,,,,,,,,,Creation,2023-01-11,tbc,tbc,tbc,6 month,2023-08-27,tbc,tbc,tbc,,,,,,2023-05-19,Registered business for self-employment,Employment,2023-01-01,PT 16-30 hours per week,choose,international,2023-11-04,
JS-68,1962,Woman,Area 2,2022-01-12,,,,NN843818C,,JP,tbc,Do not identify as Transgender,Yes,,2019-07-18,2021-03-17,Level 2,Entry level,,Yes,,station,loss,Long term sick or disabled,tbc,Creation,2022-09-28,tbc,tbc,tbc,6 month,2023-08-27,tbc,tbc,tbc,12 month,2024-02-17,tbc,tbc,tbc,,,,,,,,,2022-05-02
WQ-63,1998,Prefer not to say,Area 2,2022-02-09,,,,,,,,,,,,,,,,,,,,,,Creation,2022-10-28,tbc,tbc,tbc,6 month,2023-08-04,tbc,tbc,tbc,12 month,2024-02-24,tbc,tbc,tbc,,,Employment,2022-11-24,PT 0-15 hours per week,tend,career,,
UW-30,1991,Non-binary,Area 2,2022-03-09,2023-01-15,tbc,,,,AS,tbc,Do not identify as Transgender,Yes,,2019-03-15,2021-11-30,Beyond Level 2,Unknown,17,No,,,PM,Retired,tbc,Creation,2023-02-18,tbc,tbc,tbc,,,,,,,,,,,2023-03-20,,Employment,2022-09-26,FT 31 hours +,after,operation,2023-09-03,
DA-56,1991,Woman,Area 1,2022-03-25,2023-01-24,tbc,2023-04-13,BZ723045A,,NZ,tbc,Prefer not to say,Yes,,2018-01-06,2021-05-03,Level 2,Unknown,16,No,look,,,Unemployed (but looking/available for work),tbc,Creation,2022-11-18,tbc,tbc,tbc,,,,,,,,,,,2023-06-08,sector-specific language training,Employment,2022-12-06,PT 16-30 hours per week,quite,central,2023-09-10,
VF-51,1959,Woman,Area 3,2021-11-11,,,,,,,,,,,,,,,,,,,,,,,,,,,,,,,,,,,,,2023-04-10,,Employment,2023-02-02,FT 31 hours +,seek,develop,2023-08-14,
EF-84,1978,Prefer not to say,Area 3,2021-11-22,,,,,,,,,,,,,,,,,,,,,,Creation,2023-01-03,tbc,tbc,tbc,,,,,,,,,,,2023-06-01,,Self-employment,2022-12-29,PT 16-30 hours per week,quickly,play,2023-09-20,
CQ-27,1995,Non-binary,Area 3,2022-04-13,2022-12-28,tbc,2023-05-11,,,,,,,,,,,,,,,,,,,Creation,2022-12-29,tbc,tbc,tbc,6 month,2023-08-31,tbc,tbc,tbc,12 month,2024-02-26,tbc,tbc,tbc,,,,,,,,,
MR-60,1988,Prefer not to say,Area 3,2022-05-07,,,,TB175322C,,CK,tbc,Identify as transgender,Yes,5-11,2019-06-01,2021-03-19,Entry level 1,Entry level,,No,seat,lot,,Temporarily sick/injured,tbc,,,,,,,,,,,,,,,,2023-03-22,mentoring and/or coaching,Self-employment,2022-10-26,PT 16-30 hours per week,less,none,2023-07-24,
PM-97,1981,Woman,Area 2,2022-05-17,,,,,,GH,tbc,Prefer not to say,No,"0-4, Caring responsibilities for an adult, 5-11",2020-03-17,2021-08-11,Level 1,Entry level,,Yes,,,say,PT 0-15 hours per week,tbc,,,,,,,,,,,,,,,,2023-05-25,another specified activity,Self-employment,2022-12-10,FT 31 hours +,might,class,2023-10-20,
RG-76,1994,Prefer not to say,Area 1,2022-08-07,2023-01-25,tbc,2023-09-13,,,,,,,,,,,,,,,,,,,Creation,2022-12-12,tbc,tbc,tbc,6 month,2023-08-16,tbc,tbc,tbc,12 month,2024-02-18,tbc,tbc,tbc,,,,,,,,,
EK-26,2003,Woman,Area 1,2022-03-21,2022-11-28,tbc,2023-04-19,GL879235C,,AO,tbc,,Yes,,2017-12-02,2020-06-26,Pre-entry,Below formal levels,,No,,,,Retired,tbc,Creation,2022-12-23,tbc,tbc,tbc,6 month,2023-08-20,tbc,tbc,tbc,12 month,2024-02-14,tbc,tbc,tbc,2023-06-06,"Internship, sector-specific language training",Self-employment,2023-02-18,PT 0-15 hours per week,thus,yet,,
WL-99,1981,Woman,Area 3,2021-11-15,,,,WT460904B,,GI,tbc,Identify as transgender,Yes,,2018-08-28,2021-02-04,Level 2,Unknown,,No,professor,adult,choose,PT 16-30 hours per week,tbc,Creation,2023-01-09,tbc,tbc,tbc,6 month,2023-08-08,tbc,tbc,tbc,12 month,2024-02-27,tbc,tbc,tbc,2023-04-19,"mentoring and/or coaching, Volunteering",Employment,2022-10-06,PT 16-30 hours per week,citizen,director,2023-08-06,2022-03-17
NN-47,1961,Man,Area 2,2021-10-09,,,,,,,,,,,,,,,,,,,,,,Creation,2022-10-30,tbc,tbc,tbc,6 month,2023-08-27,tbc,tbc,tbc,,,,,,,,,,,,,,
OR-06,1966,Other,Area 2,2022-06-25,2022-11-04,tbc,2023-07-13,SR127599D,,IL,tbc,Identify as transgender,No,,2018-01-03,2020-10-18,Pre-entry,Entry level,,No,,,recent,PT 16-30 hours per week,tbc,Creation,2022-12-10,tbc,tbc,tbc,,,,,,,,,,,2023-04-14,"employability, work experience",Employment,2023-01-22,FT 31 hours +,believe,pressure,2023-08-06,
SA-54,1974,Woman,Area 1,2022-01-27,2022-10-27,tbc,2023-06-17,,63T20736,PM,tbc,,No,,2018-09-14,2021-09-17,Beyond Level 2,Entry level,,Yes,foot,policy,foot,Unpaid work for relatives business,tbc,Creation,2022-10-17,tbc,tbc,tbc,6 month,2023-08-27,tbc,tbc,tbc,12 month,2024-02-03,tbc,tbc,tbc,,,,,,,,,2022-03-04
AQ-38,1978,Non-binary,Area 2,2021-11-21,,,,,,,,,,,,,,,,,,,,,,Creation,2023-02-06,tbc,tbc,tbc,,,,,,,,,,,2023-03-01,mentoring and/or coaching,Employment,2023-01-14,PT 16-30 hours per week,thought,fear,,
HC-16,1991,Prefer not to say,Area 2,2022-04-01,2023-01-25,tbc,2023-07-20,,,,,,,,,,,,,,,,,,,,,,,,,,,,,,,,,,2023-05-20,"business plan for self-employment, Registered business for self-employment",Self-employment,2022-12-01,PT 0-15 hours per week,south,east,,
XH-47,1983,Prefer not to say,Area 2,2021-12-04,2022-12-06,tbc,2023-03-29,WE127567D,,AQ,tbc,Do not identify as Transgender,No,,2017-05-14,2021-02-27,Entry level 2,Unknown,19,No,country,indicate,front,Temporarily sick/injured,tbc,Creation,2023-01-03,tbc,tbc,tbc,6 month,2023-08-28,tbc,tbc,tbc,,,,,,,,Employment,2022-11-20,PT 0-15 hours per week,under,everything,,
DH-27,1983,Man,Area 3,2022-01-07,2022-12-16,tbc,2023-08-14,NR359715D,,PY,tbc,,No,,2017-04-06,2020-11-27,Pre-entry,Level 1-2,,Yes,,,,Looking after family/home,tbc,Creation,2023-02-09,tbc,tbc,tbc,6 month,2023-08-18,tbc,tbc,tbc,12 month,2024-02-04,tbc,tbc,tbc,,,Self-employment,2022-12-24,Government employment & training programme,fill,really,,
AY-59,1984,Man,Area 3,2022-06-27,,,,PH900896D,,VN,tbc,,No,,2019-09-25,2021-06-04,Level 2,Level 5+,,Yes,participant,,,Retired,tbc,,,,,,,,,,,,,,,,,,Self-employment,2022-12-11,FT 31 hours +,capital,act,,
EO-17,1973,Man,Area 1,2022-09-24,,,,,69T93289,TM,tbc,,Yes,,2017-03-24,2021-05-15,Pre-entry,Below formal levels,,No,,,,Government employment & training programme,tbc,Creation,2022-11-24,tbc,tbc,tbc,,,,,,,,,,,2023-06-14,"sector-specific language training, training course",Employment,2022-10-18,PT 16-30 hours per week,account,though,2023-09-29,
LI-36,1990,Woman,Area 2,2021-12-20,,,,LP178323C,,SB,tbc,Do not identify as Transgender,Yes,5-11,2017-12-17,2021-03-19,Level 1,Entry level,,No,girl,,per,Government employment & training programme,tbc,Creation,2022-12-19,tbc,tbc,tbc,,,,,,,,,,,2023-04-30,"another specified activity, sector-specific language training",Employment,2022-11-22,PT 16-30 hours per week,matter,indeed,2023-08-17,
JP-48,1979,Woman,Area 2,2022-01-22,2022-12-07,tbc,2023-06-24,HR524677A,35T08406,YE,tbc,Identify as transgender,No,,2018-02-03,2020-08-06,Beyond Level 2,Unknown,22,Yes,,professional,American,Temporarily sick/injured,tbc,Creation,2022-11-30,tbc,tbc,tbc,6 month,2023-08-12,tbc,tbc,tbc,12 month,2024-02-05,tbc,tbc,tbc,2023-02-13,,Employment,2022-11-14,Government employment & training programme,seven,will,2023-11-17,
KV-88,1969,Non-binary,Area 1,2021-11-05,,,,,,,,,,,,,,,,,,,,,,Creation,2022-11-16,tbc,tbc,tbc,6 month,2023-08-17,tbc,tbc,tbc,,,,,,2023-03-11,,Self-employment,2022-12-19,PT 16-30 hours per week,far,everything,2023-11-16,
PZ-09,1986,Non-binary,Area 3,2022-01-13,2022-11-13,tbc,2023-06-25,BS596616B,37T62239,GR,tbc,,No,,2018-04-22,2021-03-28,Entry level 1,Level 5+,,Yes,forget,,audience,Long term sick or disabled,tbc,Creation,2022-11-04,tbc,tbc,tbc,,,,,,,,,,,,,Self-employment,2022-11-19,PT 16-30 hours per week,once,stuff,,2022-03-17
KV-86,1969,Man,Area 3,2022-02-20,,,,GK878493C,13T68347,HN,tbc,Do not identify as Transgender,No,"11-17, Caring responsibilities for an adult, 5-11",2017-11-10,2021-06-04,Entry level 1,Below formal levels,,No,,within,,Unemployed (but looking/available for work),tbc,Creation,2023-01-30,tbc,tbc,tbc,6 month,2023-08-26,tbc,tbc,tbc,12 month,2024-02-26,tbc,tbc,tbc,,,,,,,,,
YB-90,1963,Woman,Area 1,2022-01-18,2022-12-29,tbc,,,,,,,,,,,,,,,,,,,,Creation,2022-10-12,tbc,tbc,tbc,6 month,2023-08-10,tbc,tbc,tbc,12 month,2024-02-25,tbc,tbc,tbc,2023-02-12,"mentoring and/or coaching, work experience",Self-employment,2023-02-18,Government employment & training programme,drop,least,2023-10-13,2022-04-30
ET-26,1980,Woman,Area 3,2022-09-04,,,,,76T64266,SJ,tbc,,No,0-4,2017-09-26,2021-09-10,Entry level 2,Level 3-4,,No,together,,several,PT 16-30 hours per week,tbc,Creation,2023-01-12,tbc,tbc,tbc,6 month,2023-08-06,tbc,tbc,tbc,12 month,2024-02-15,tbc,tbc,tbc,2023-06-02,"Registered business for self-employment, training course",Self-employment,2022-10-19,PT 16-30 hours per week,season,any,,2021-10-13
NB-37,1981,Other,Area 3,2022-05-05,,,,JA588203C,,LV,tbc,Identify as transgender,Yes,,2017-05-19,2020-08-24,Entry level 2,Unknown,16,No,true,assume,,Retired,tbc,Creation,2022-12-10,tbc,tbc,tbc,6 month,2023-08-13,tbc,tbc,tbc,12 month,2024-02-21,tbc,tbc,tbc,,,,,,,,,
HH-67,1958,Other,Area 2,2022-09-24,,,,SP636026B,,PS,tbc,,No,,2019-07-27,2021-10-20,Level 1,Level 1-2,,No,main,,experience,Long term sick or disabled,tbc,Creation,2022-11-28,tbc,tbc,tbc,6 month,2023-08-14,tbc,tbc,tbc,,,,,,,,,,,,,,
DX-42,2002,Other,Area 3,2022-03-01,2022-10-31,tbc,,,,,,,,,,,,,,,,,,,,Creation,2022-11-20,tbc,tbc,tbc,,,,,,,,,,,2023-05-11,training course,Self-employment,2022-10-21,FT 31 hours +,pull,agency,2023-10-08,2022-09-14
NP-90,1979,Man,Area 2,2022-09-02,2022-12-27,tbc,2023-06-22,CT106253C,95T13952,GM,tbc,,Yes,"11-17, Caring responsibilities for an adult",2019-12-10,2021-03-28,Entry level 1,Level 1-2,,Yes,,either,,PT 16-30 hours per week,tbc,Creation,2022-11-18,tbc,tbc,tbc,6 month,2023-08-15,tbc,tbc,tbc,,,,,,,,,,,,,,
ER-11,1971,Other,Area 2,2022-08-29,,,,,,,,,,,,,,,,,,,,,,Creation,2022-12-03,tbc,tbc,tbc,6 month,2023-08-09,tbc,tbc,tbc,12 month,2024-02-04,tbc,tbc,tbc,2023-03-15,Volunteering,Employment,2022-10-01,PT 0-15 hours per week,team,history,2023-08-16,
OM-13,1963,Other,Area 3,2021-11-16,2022-10-26,tbc,2023-08-27,SJ838832C,,SZ,tbc,Identify as transgender,No,,2019-02-06,2021-04-09,Beyond Level 2,Entry level,,Yes,,,,Unemployed (but looking/available for work),tbc,,,,,,,,,,,,,,,,2023-07-05,"training course, employability",Self-employment,2022-10-01,PT 0-15 hours per week,happen,clear,2023-06-30,
CB-95,1994,Prefer not to say,Area 3,2022-07-18,2023-01-24,tbc,2023-09-01,,,,,,,,,,,,,,,,,,,Creation,2022-11-26,tbc,tbc,tbc,6 month,2023-08-07,tbc,tbc,tbc,12 month,2024-02-11,tbc,tbc,tbc,,,,,,,,,
NO-14,1993,Other,Area 2,2022-07-09,2022-11-25,tbc,2023-04-16,XG351246A,,LU,tbc,,No,"11-17, Caring responsibilities for an adult",2017-08-13,2020-10-21,Entry level 2,Unknown,20,Yes,,song,heart,Government employment & training programme,tbc,,,,,,,,,,,,,,,,2023-03-27,"work experience, mentoring and/or coaching",Self-employment,2023-01-16,PT 16-30 hours per week,safe,through,,
UP-90,1974,Other,Area 1,2022-01-27,2022-11-27,tbc,2023-06-25,XG152787D,,CO,tbc,,No,,2019-05-10,2021-04-07,Entry level 3,Level 1-2,,No,hot,fight,share,Long term sick or disabled,tbc,Creation,2022-11-25,tbc,tbc,tbc,,,,,,,,,,,2023-05-03,,Employment,2023-01-29,Government employment & training programme,remain,main,2023-10-26,
ZI-31,1990,Other,Area 2,2022-02-06,2022-12-20,tbc,,,,,,,,,,,,,,,,,,,,,,,,,,,,,,,,,,,2023-04-23,"sector-specific language training, Volunteering",Employment,2023-02-15,PT 0-15 hours per week,give,pass,2023-09-11,
DK-76,1966,Man,Area 1,2021-11-21,,,,GK961600D,,BT,tbc,,Yes,,2018-04-02,2021-10-18,Beyond Level 2,Level 3-4,,No,,,,Government employment & training programme,tbc,,,,,,,,,,,,,,,,,,Employment,2023-01-03,Government employment & training programme,sound,enter,,2022-09-08
MO-15,2003,Other,Area 1,2022-07-18,,,,,,,,,,,,,,,,,,,,,,Creation,2022-12-02,tbc,tbc,tbc,,,,,,,,,,,,,,,,,,,
RR-47,1997,Woman,Area 2,2021-12-12,2022-11-26,tbc,2023-07-05,PK427615A,,CH,tbc,,Yes,"0-4, 5-11",2018-07-03,2021-02-08,Below formal levels,Level 1-2,,Yes,,,,PT 0-15 hours per week,tbc,Creation,2022-11-12,tbc,tbc,tbc,6 month,2023-08-02,tbc,tbc,tbc,12 month,2024-02-26,tbc,tbc,tbc,,,,,,,,,2022-01-27
LT-67,1962,Man,Area 3,2021-12-15,,,,,,UY,tbc,,Yes,5-11,2019-06-25,2021-04-20,Entry level 3,Level 5+,,No,,voice,,Retired,tbc,,,,,,,,,,,,,,,,2023-06-12,,Employment,2022-11-28,FT 31 hours +,program,without,2023-09-25,
KH-41,1970,Other,Area 1,2022-01-08,2022-11-08,tbc,2023-04-09,,,,,,,,,,,,,,,,,,,Creation,2022-11-03,tbc,tbc,tbc,6 month,2023-08-21,tbc,tbc,tbc,12 month,2024-02-19,tbc,tbc,tbc,2023-02-20,"work experience, work experience",Employment,2022-11-07,FT 31 hours +,boy,spend,2023-09-11,
LU-72,1963,Other,Area 2,2021-10-28,2022-11-20,tbc,,,,IS,tbc,,No,,2018-07-09,2021-02-08,Level 1,Level 5+,,No,,remain,night,Retired,tbc,Creation,2023-01-12,tbc,tbc,tbc,,,,,,,,,,,,,,,,,,,
DQ-37,1995,Prefer not to say,Area 1,2022-03-10,2023-01-13,tbc,2023-07-14,WS710272D,,ME,tbc,,No,"0-4, Caring responsibilities for an adult, 5-11",2020-07-16,2022-01-15,Beyond Level 2,Entry level,,Yes,when,,step,Retired,tbc,Creation,2023-01-06,tbc,tbc,tbc,6 month,2023-08-28,tbc,tbc,tbc,12 month,2024-02-20,tbc,tbc,tbc,,,,,,,,,
HX-35,1992,Man,Area 1,2021-11-07,,,,,,,,,,,,,,,,,,,,,,,,,,,,,,,,,,,,,,,Self-employment,2022-12-07,PT 0-15 hours per week,evidence,than,,
VS-36,1995,Woman,Area 1,2021-12-13,2022-12-17,tbc,,TH228271C,,MN,tbc,,No,"11-17, Caring responsibilities for an adult, 5-11",2017-10-20,2021-02-28,Level 1,Entry level,,Yes,,,,PT 16-30 hours per week,tbc,Creation,2022-10-16,tbc,tbc,tbc,6 month,2023-08-28,tbc,tbc,tbc,,,,,,2023-04-23,"work experience, qualifications or skills",Employment,2022-12-25,FT 31 hours +,party,large,2023-07-29,2021-10-23
OY-28,1957,Woman,Area 1,2021-11-22,2023-01-15,tbc,2023-06-29,,,SG,tbc,Do not identify as Transgender,Yes,,2017-03-19,2020-12-17,Beyond Level 2,Unknown,12,No,could,,,Unemployed (but looking/available for work),tbc,Creation,2022-11-22,tbc,tbc,tbc,6 month,2023-08-17,tbc,tbc,tbc,12 month,2024-02-26,tbc,tbc,tbc,,,,,,,,,2022-05-27
UO-75,1990,Woman,Area 2,2022-01-25,2022-11-25,tbc,2023-04-29,MC037557A,,CF,tbc,Prefer not to say,Yes,,2019-09-16,2022-01-16,Level 2,Entry level,,Yes,describe,red,mission,Government employment & training programme,tbc,,,,,,,,,,,,,,,,2023-04-17,work experience,Employment,2023-02-19,PT 0-15 hours per week,scene,focus,2023-08-02,
OF-19,1986,Woman,Area 1,2022-03-04,2022-12-18,tbc,2023-05-21,ZP846974C,,CM,tbc,,No,,2018-05-10,2021-02-05,Below formal levels,Level 3-4,,Yes,,,,Long term sick or disabled,tbc,Creation,2023-02-24,tbc,tbc,tbc,,,,,,,,,,,,,Employment,2022-10-27,FT 31 hours +,threat,cell,,
OH-70,1995,Prefer not to say,Area 1,2021-11-06,2022-12-01,tbc,2023-08-11,,,VC,tbc,Identify as transgender,No,,2018-10-05,2021-06-16,Level 2,Unknown,,Yes,,amount,certain,Self employed,tbc,Creation,2022-12-15,tbc,tbc,tbc,6 month,2023-09-01,tbc,tbc,tbc,,,,,,,,,,,,,,
PW-83,2001,Man,Area 2,2022-08-18,,,,,,,,,,,,,,,,,,,,,,,,,,,,,,,,,,,,,2023-05-26,"mentoring and/or coaching, mentoring and/or coaching",Employment,2022-11-20,FT 31 hours +,nature,time,2023-06-23,
VQ-70,1993,Other,Area 3,2022-04-28,,,,GW096393A,,UY,tbc,,Yes,,2018-02-03,2021-04-24,Level 1,Level 5+,,No,,stock,,FT 31 hours +,tbc,Creation,2023-02-02,tbc,tbc,tbc,6 month,2023-08-23,tbc,tbc,tbc,12 month,2024-02-15,tbc,tbc,tbc,2023-05-21,"another specified activity, employability",Employment,2023-01-13,PT 0-15 hours per week,question,let,2023-10-17,
IF-74,1963,Prefer not to say,Area 3,2022-02-06,,,,RZ882158B,,DK,tbc,,No,,2019-11-27,2020-10-05,Beyond Level 2,Level 1-2,,Yes,,,,Unemployed (but looking/available for work),tbc,Creation,2023-02-04,tbc,tbc,tbc,6 month,2023-08-02,tbc,tbc,tbc,12 month,2024-02-16,tbc,tbc,tbc,2023-03-13,another specified activity,Employment,2022-12-15,FT 31 hours +,need,almost,2023-09-14,
FH-35,1963,Man,Area 2,2022-09-08,2022-12-02,tbc,2023-09-16,,,,,,,,,,,,,,,,,,,Creation,2023-01-12,tbc,tbc,tbc,6 month,2023-08-10,tbc,tbc,tbc,12 month,2024-02-14,tbc,tbc,tbc,,,Employment,2022-12-04,Government employment & training programme,truth,consumer,,
JI-75,2002,Non-binary,Area 2,2022-06-17,2023-01-22,tbc,2023-05-26,PX158409A,,AD,tbc,Identify as transgender,Yes,"11-17, 0-4, Caring responsibilities for an adult",2018-06-10,2020-06-21,Pre-entry,Level 3-4,,No,,,world,PT 0-15 hours per week,tbc,,,,,,,,,,,,,,,,,,Employment,2022-11-02,Government employment & training programme,subject,dinner,,
LQ-38,1996,Other,Area 1,2022-09-22,,,,,,SV,tbc,Prefer not to say,Yes,0-4,2018-03-18,2020-06-30,Level 2,Level 1-2,,Yes,me,inside,less,Unemployed (but looking/available for work),tbc,Creation,2023-02-04,tbc,tbc,tbc,6 month,2023-08-11,tbc,tbc,tbc,12 month,2024-02-05,tbc,tbc,tbc,,,,,,,,,2022-06-19
SI-24,1997,Man,Area 2,2022-08-12,2022-11-12,tbc,2023-06-07,,,,,,,,,,,,,,,,,,,Creation,2023-01-31,tbc,tbc,tbc,6 month,2023-08-14,tbc,tbc,tbc,,,,,,2023-03-21,"employability, mentoring and/or coaching",Employment,2022-10-18,PT 16-30 hours per week,official,good,2023-09-25,
FA-94,2003,Prefer not to say,Area 3,2021-11-13,,,,LM717182D,,GB,tbc,,Yes,,2018-10-02,2021-03-22,Entry level 2,Level 5+,,Yes,,enough,,PT 0-15 hours per week,tbc,Creation,2023-02-17,tbc,tbc,tbc,6 month,2023-08-25,tbc,tbc,tbc,,,,,,2023-05-22,,Self-employment,2022-12-10,Government employment & training programme,real,ask,2023-09-02,2022-02-08
NO-92,2000,Man,Area 3,2021-12-27,,,,,,HU,tbc,,No,,2019-07-04,2020-12-13,Entry level 1,Level 5+,,Yes,,student,leg,Unemployed (but looking/available for work),tbc,Creation,2023-02-16,tbc,tbc,tbc,6 month,2023-08-28,tbc,tbc,tbc,,,,,,2023-06-03,"Registered business for self-employment, business plan for self-employment",Employment,2022-10-20,Government employment & training programme,you,heart,,2022-07-01
GS-73,1970,Non-binary,Area 2,2022-01-23,,,,SH128122B,,GP,tbc,,No,,2018-01-14,2020-11-11,Entry level 2,Below formal levels,,Yes,strong,,,Unemployed (but looking/available for work),tbc,Creation,2022-11-08,tbc,tbc,tbc,6 month,2023-08-06,tbc,tbc,tbc,12 month,2024-02-16,tbc,tbc,tbc,2023-04-19,"training course, Volunteering",Employment,2022-11-08,PT 16-30 hours per week,president,produce,,
OI-46,1962,Man,Area 2,2022-01-29,,,,JK823131A,,BZ,tbc,Prefer not to say,Yes,,2017-10-31,2021-04-15,Entry level 2,Level 3-4,,No,upon,discussion,huge,Government employment & training programme,tbc,Creation,2022-10-13,tbc,tbc,tbc,6 month,2023-08-28,tbc,tbc,tbc,,,,,,,,Employment,2022-10-06,PT 0-15 hours per week,him,recognize,,2021-12-29
ZV-12,1980,Non-binary,Area 1,2022-08-14,,,,KJ140973B,,MP,tbc,Prefer not to say,Yes,"0-4, Caring responsibilities for an adult",2018-10-22,2020-12-19,Below formal levels,Below formal levels,,No,,,also,Looking after family/home,tbc,Creation,2023-02-24,tbc,tbc,tbc,6 month,2023-08-05,tbc,tbc,tbc,12 month,2024-02-26,tbc,tbc,tbc,,,,,,,,,
ZK-13,1997,Man,Area 2,2021-11-07,,,,,,,,,,,,,,,,,,,,,,Creation,2022-10-06,tbc,tbc,tbc,6 month,2023-08-10,tbc,tbc,tbc,,,,,,2023-07-04,,Employment,2022-10-31,FT 31 hours +,inside,than,2023-07-23,
MW-61,1962,Other,Area 3,2021-12-09,2022-11-30,tbc,,,,,,,,,,,,,,,,,,,,Creation,2022-10-02,tbc,tbc,tbc,,,,,,,,,,,2023-04-26,another specified activity,Self-employment,2022-10-12,PT 0-15 hours per week,develop,picture,2023-08-31,2022-02-16
RD-84,1980,Woman,Area 1,2021-12-13,2022-12-24,tbc,2023-05-17,JX228168D,,IQ,tbc,,No,,2020-02-16,2021-03-15,Entry level 3,Entry level,,Yes,,seven,,Retired,tbc,Creation,2023-01-30,tbc,tbc,tbc,6 month,2023-08-19,tbc,tbc,tbc,12 month,2024-02-03,tbc,tbc,tbc,,,Employment,2022-12-19,FT 31 hours +,good,under,,
GA-42,1961,Other,Area 3,2022-09-12,2022-10-26,tbc,2023-08-21,YB080230B,,PS,tbc,Prefer not to say,Yes,5-11,2017-11-01,2021-03-01,Pre-entry,Level 1-2,,Yes,,bad,none,PT 0-15 hours per week,tbc,,,,,,,,,,,,,,,,2023-02-19,another specified activity,Self-employment,2023-02-17,FT 31 hours +,game,position,2023-08-21,
XO-89,1972,Non-binary,Area 2,2022-09-03,,,,,,GG,tbc,Prefer not to say,Yes,"11-17, 0-4",2019-05-12,2021-02-10,Below formal levels,Level 3-4,,Yes,,win,,PT 16-30 hours per week,tbc,Creation,2023-02-21,tbc,tbc,tbc,6 month,2023-08-24,tbc,tbc,tbc,12 month,2024-02-12,tbc,tbc,tbc,,,Employment,2022-10-26,FT 31 hours +,national,clearly,,2021-11-13
TC-76,1960,Woman,Area 2,2022-04-05,,,,HY832915D,,AL,tbc,Do not identify as Transgender,No,0-4,2020-06-04,2021-06-24,Entry level 1,Level 3-4,,Yes,,,fast,Looking after family/home,tbc,Creation,2022-12-14,tbc,tbc,tbc,6 month,2023-09-01,tbc,tbc,tbc,,,,,,,,,,,,,,2022-09-18
DB-16,1997,Man,Area 2,2022-01-14,,,,,,,,,,,,,,,,,,,,,,Creation,2022-12-29,tbc,tbc,tbc,6 month,2023-08-20,tbc,tbc,tbc,12 month,2024-02-29,tbc,tbc,tbc,2023-06-06,"another specified activity, qualifications or skills",Employment,2022-10-14,Government employment & training programme,all,important,2023-09-29,2022-03-30
KP-36,2001,Man,Area 3,2022-04-15,2023-01-01,tbc,2023-08-29,EH437258D,40T81472,EG,tbc,Prefer not to say,Yes,,2017-08-22,2020-12-13,Below formal levels,Entry level,,No,,,operation,FT 31 hours +,tbc,Creation,2022-10-04,tbc,tbc,tbc,6 month,2023-08-30,tbc,tbc,tbc,12 month,2024-02-21,tbc,tbc,tbc,2023-06-29,Volunteering,Employment,2022-11-18,Government employment & training programme,easy,class,2023-08-27,
HU-34,1979,Other,Area 3,2021-11-10,2022-12-07,tbc,2023-08-02,,20T03364,ZM,tbc,,Yes,11-17,2018-09-10,2021-11-04,Beyond Level 2,Unknown,14,Yes,economy,inside,,Looking after family/home,tbc,Creation,2023-01-28,tbc,tbc,tbc,6 month,2023-08-31,tbc,tbc,tbc,,,,,,,,Self-employment,2023-02-21,FT 31 hours +,individual,truth,,2022-03-28
OC-69,1983,Woman,Area 1,2022-05-05,,,,HL336819A,,AG,tbc,,Yes,Caring responsibilities for an adult,2016-10-18,2021-03-07,Below formal levels,Below formal levels,,Yes,,worker,,Unemployed (but looking/available for work),tbc,Creation,2022-10-31,tbc,tbc,tbc,,,,,,,,,,,,,,,,,,,2022-04-02
ZT-56,1964,Other,Area 3,2021-12-17,,,,EE130495C,,DO,tbc,Do not identify as Transgender,Yes,"0-4, 11-17, Caring responsibilities for an adult",2019-09-08,2020-10-21,Pre-entry,Unknown,20,No,,,method,Self employed,tbc,,,,,,,,,,,,,,,,,,,,,,,,
CF-89,1994,Woman,Area 2,2021-10-09,2022-11-14,tbc,2023-03-28,EM365388D,,KH,tbc,,No,,2017-01-30,2020-10-05,Level 2,Entry level,,Yes,,,yet,PT 16-30 hours per week,tbc,Creation,2022-11-27,tbc,tbc,tbc,6 month,2023-08-03,tbc,tbc,tbc,12 month,2024-02-21,tbc,tbc,tbc,2023-02-17,"employability, employability",Self-employment,2023-01-31,FT 31 hours +,base,local,2023-09-23,2021-10-02
WD-44,1987,Non-binary,Area 3,2021-10-12,2022-10-31,tbc,2023-05-06,LE849974C,,LV,tbc,,No,,2017-08-18,2021-01-05,Level 1,Entry level,,Yes,,education,focus,FT 31 hours +,tbc,,,,,,,,,,,,,,,,2023-05-21,sector-specific language training,Self-employment,2022-12-16,PT 16-30 hours per week,case,class,2023-10-15,
ZS-32,1974,Man,Area 1,2022-07-21,2022-10-30,tbc,,,,,,,,,,,,,,,,,,,,,,,,,,,,,,,,,,,2023-06-15,work experience,Employment,2022-12-02,FT 31 hours +,although,through,2023-09-22,
NL-06,1984,Woman,Area 1,2022-07-19,,,,NK093329C,,AI,tbc,,Yes,,2019-02-14,2021-07-20,Pre-entry,Level 3-4,,No,,set,,FT 31 hours +,tbc,Creation,2023-02-18,tbc,tbc,tbc,,,,,,,,,,,2023-04-03,Registered business for self-employment,Self-employment,2022-11-26,PT 16-30 hours per week,have,on,,2021-10-16
EQ-04,1977,Woman,Area 2,2022-04-05,,,,MT959980C,,KR,tbc,Do not identify as Transgender,No,,2018-06-28,2021-07-28,Level 1,Level 3-4,,Yes,,language,,Unemployed (but looking/available for work),tbc,Creation,2023-01-08,tbc,tbc,tbc,6 month,2023-08-23,tbc,tbc,tbc,12 month,2024-02-20,tbc,tbc,tbc,,,,,,,,,
GO-14,1958,Man,Area 2,2022-01-07,2023-01-09,tbc,2023-06-19,,66T11555,KZ,tbc,,Yes,,2017-02-06,2021-06-09,Entry level 1,Level 1-2,,Yes,,,,Retired,tbc,Creation,2023-02-17,tbc,tbc,tbc,,,,,,,,,,,2023-02-22,employability,Self-employment,2023-01-16,FT 31 hours +,base,stay,2023-08-03,
MP-47,1988,Man,Area 2,2022-01-11,2022-11-30,tbc,2023-07-20,,,,,,,,,,,,,,,,,,,,,,,,,,,,,,,,,,2023-04-02,Volunteering,Employment,2023-02-14,FT 31 hours +,believe,either,2023-09-21,
TI-58,1983,Prefer not to say,Area 3,2022-09-20,,,,GK527548B,,BS,tbc,Prefer not to say,Yes,"0-4, Caring responsibilities for an adult",2018-10-01,2021-08-02,Entry level 1,Level 1-2,,No,,,level,Retired,tbc,Creation,2023-02-07,tbc,tbc,tbc,,,,,,,,,,,2023-06-27,,Employment,2022-11-15,PT 16-30 hours per week,send,here,2023-08-03,2022-08-22
BE-77,1975,Non-binary,Area 3,2022-09-30,2022-11-24,tbc,2023-04-07,,,CO,tbc,,Yes,"Caring responsibilities for an adult, 5-11",2018-06-11,2021-04-01,Level 1,Unknown,,No,,,,Self employed,tbc,,,,,,,,,,,,,,,,,,,,,,,,
TC-28,1989,Non-binary,Area 3,2022-05-02,2022-11-27,tbc,2023-04-27,BZ239338D,76T50522,IR,tbc,,Yes,"0-4, 5-11",2017-05-09,2021-08-27,Entry level 3,Unknown,22,No,,threat,,Unpaid work for relatives business,tbc,,,,,,,,,,,,,,,,,,Employment,2023-02-11,Government employment & training programme,add,rise,,2022-09-20
ET-61,1972,Woman,Area 2,2022-05-10,2023-01-06,tbc,2023-08-08,ZP167204B,,BY,tbc,,No,"11-17, 0-4, 5-11",2019-01-21,2020-07-26,Entry level 1,Below formal levels,,Yes,,thought,city,Self employed,tbc,Creation,2023-02-12,tbc,tbc,tbc,6 month,2023-08-10,tbc,tbc,tbc,,,,,,,,Employment,2022-10-02,PT 0-15 hours per week,like,be,,2022-09-25
AA-39,1958,Woman,Area 3,2021-11-21,,,,EJ186404D,39T29066,CF,tbc,,No,"Caring responsibilities for an adult, 5-11",2017-07-22,2021-04-05,Entry level 2,Unknown,23,No,approach,recently,,FT 31 hours +,tbc,Creation,2022-11-27,tbc,tbc,tbc,,,,,,,,,,,2023-07-02,,Employment,2022-12-31,Government employment & training programme,simply,voice,2023-08-29,2022-07-16
BC-53,1961,Other,Area 3,2022-05-27,,,,BK802720B,07T36325,MF,tbc,,Yes,"11-17, Caring responsibilities for an adult, 5-11",2018-12-31,2021-11-19,Level 2,Level 3-4,,Yes,common,here,summer,Unemployed (but looking/available for work),tbc,,,,,,,,,,,,,,,,,,Employment,2023-02-05,PT 16-30 hours per week,consider,former,,
FD-10,1973,Woman,Area 3,2021-11-18,2023-01-17,tbc,2023-06-06,WY057974A,,MK,tbc,Prefer not to say,Yes,"Caring responsibilities for an adult, 5-11",2017-07-07,2020-04-30,Entry level 2,Below formal levels,,Yes,,,,FT 31 hours +,tbc,Creation,2022-12-03,tbc,tbc,tbc,6 month,2023-08-12,tbc,tbc,tbc,12 month,2024-02-03,tbc,tbc,tbc,2023-05-05,"business plan for self-employment, another specified activity",Employment,2023-01-15,PT 0-15 hours per week,hope,statement,2023-11-12,
OJ-15,1976,Other,Area 1,2021-10-28,2022-11-26,tbc,2023-07-07,JA502811D,,TJ,tbc,,Yes,,2017-11-26,2021-01-20,Beyond Level 2,Level 1-2,,Yes,evidence,,,Long term sick or disabled,tbc,,,,,,,,,,,,,,,,2023-06-10,qualifications or skills,Self-employment,2023-02-13,FT 31 hours +,pull,image,,
NV-47,1987,Man,Area 2,2021-12-31,2023-01-23,tbc,,SX862521A,,JM,tbc,,No,5-11,2016-11-21,2020-07-09,Entry level 3,Level 1-2,,No,first,meet,,Unpaid work for relatives business,tbc,,,,,,,,,,,,,,,,2023-04-19,work experience,Self-employment,2022-11-16,PT 0-15 hours per week,certainly,two,,
KU-40,1976,Other,Area 2,2022-03-03,2022-12-28,tbc,,,,WS,tbc,Do not identify as Transgender,Yes,,2018-12-02,2021-09-17,Pre-entry,Entry level,,No,,,,Government employment & training programme,tbc,Creation,2023-02-05,tbc,tbc,tbc,6 month,2023-08-28,tbc,tbc,tbc,12 month,2024-02-19,tbc,tbc,tbc,,,,,,,,,
DK-85,1960,Man,Area 2,2021-12-05,2022-12-11,tbc,,,,,,,,,,,,,,,,,,,,Creation,2023-02-12,tbc,tbc,tbc,,,,,,,,,,,,,Self-employment,2023-02-05,PT 0-15 hours per week,true,develop,,2022-02-24
LO-95,1959,Man,Area 3,2022-05-19,2022-11-01,tbc,2023-04-03,,,LV,tbc,,No,,2018-11-22,2021-11-07,Entry level 3,Level 1-2,,No,nothing,join,law,Long term sick or disabled,tbc,Creation,2023-02-09,tbc,tbc,tbc,6 month,2023-08-14,tbc,tbc,tbc,12 month,2024-02-06,tbc,tbc,tbc,,,,,,,,,2021-10-22
EK-77,1960,Woman,Area 3,2021-11-29,,,,,,CV,tbc,Do not identify as Transgender,Yes,"0-4, 11-17, Caring responsibilities for an adult",2018-11-02,2021-04-21,Entry level 3,Unknown,16,Yes,our,later,act,Looking after family/home,tbc,Creation,2022-10-10,tbc,tbc,tbc,6 month,2023-08-23,tbc,tbc,tbc,12 month,2024-02-19,tbc,tbc,tbc,2023-06-05,Registered business for self-employment,Employment,2022-10-28,FT 31 hours +,dream,range,2023-08-11,2022-06-13
YF-31,1968,Man,Area 3,2021-12-26,2022-12-01,tbc,,,,,,,,,,,,,,,,,,,,,,,,,,,,,,,,,,,2023-05-07,"sector-specific language training, mentoring and/or coaching",Employment,2023-02-11,PT 0-15 hours per week,local,article,,2022-05-27
HB-16,1998,Woman,Area 2,2021-11-19,,,,KA643244A,,US,tbc,,No,,2017-02-22,2020-08-12,Entry level 3,Level 1-2,,No,change,,relate,Unpaid work for relatives business,tbc,Creation,2022-12-06,tbc,tbc,tbc,,,,,,,,,,,2023-04-04,,Self-employment,2023-02-25,PT 16-30 hours per week,glass,short,2023-08-27,
PL-36,1987,Prefer not to say,Area 3,2022-05-23,,,,JG803529D,27T47588,AS,tbc,Identify as transgender,No,,2018-05-10,2021-06-26,Level 1,Level 5+,,No,,,,Unpaid work for relatives business,tbc,Creation,2023-02-17,tbc,tbc,tbc,6 month,2023-08-11,tbc,tbc,tbc,12 month,2024-02-13,tbc,tbc,tbc,,,Self-employment,2022-10-12,PT 0-15 hours per week,drive,computer,,
OK-27,1965,Prefer not to say,Area 1,2022-09-25,,,,,,,,,,,,,,,,,,,,,,Creation,2023-02-01,tbc,tbc,tbc,,,,,,,,,,,,,,,,,,,
AP-34,1985,Non-binary,Area 2,2021-10-13,,,,NJ303110C,,AZ,tbc,,Yes,,2019-01-15,2021-09-13,Below formal levels,Entry level,,No,debate,,follow,Unpaid work for relatives business,tbc,Creation,2022-10-05,tbc,tbc,tbc,6 month,2023-08-16,tbc,tbc,tbc,,,,,,,,Self-employment,2023-01-03,Government employment & training programme,benefit,test,,
AO-23,1970,Prefer not to say,Area 3,2022-02-27,2022-11-01,tbc,,,,,,,,,,,,,,,,,,,,Creation,2022-10-25,tbc,tbc,tbc,6 month,2023-08-21,tbc,tbc,tbc,12 month,2024-02-10,tbc,tbc,tbc,,,,,,,,,2022-01-20
VB-54,1993,Other,Area 2,2022-03-12,,,,,,,,,,,,,,,,,,,,,,Creation,2022-11-25,tbc,tbc,tbc,6 month,2023-08-04,tbc,tbc,tbc,12 month,2024-02-29,tbc,tbc,tbc,2023-03-22,"business plan for self-employment, mentoring and/or coaching",Employment,2023-02-12,PT 16-30 hours per week,down,real,,
KO-25,1996,Man,Area 3,2022-04-13,,,,PH115312A,,SB,tbc,Prefer not to say,No,"11-17, Caring responsibilities for an adult",2019-01-19,2020-06-03,Entry level 1,Entry level,,Yes,,,,Long term sick or disabled,tbc,Creation,2023-01-14,tbc,tbc,tbc,,,,,,,,,,,2023-06-12,,Employment,2023-02-18,PT 0-15 hours per week,mind,life,2023-09-21,
QG-20,1992,Other,Area 2,2022-06-15,2022-12-29,tbc,2023-07-06,,,,,,,,,,,,,,,,,,,,,,,,,,,,,,,,,,,,Employment,2022-10-24,PT 16-30 hours per week,decision,catch,,
CI-06,1996,Other,Area 2,2022-03-14,2022-10-30,tbc,2023-08-19,EJ255882D,,VG,tbc,,Yes,"Caring responsibilities for an adult, 5-11",2018-09-27,2021-05-09,Level 1,Below formal levels,,Yes,instead,night,least,FT 31 hours +,tbc,Creation,2022-11-24,tbc,tbc,tbc,6 month,2023-08-09,tbc,tbc,tbc,12 month,2024-02-14,tbc,tbc,tbc,,,Employment,2023-02-25,PT 16-30 hours per week,room,sound,,
AO-90,1994,Prefer not to say,Area 2,2021-11-03,2022-11-08,tbc,2023-08-18,YB024797D,,AG,tbc,Identify as transgender,No,,2017-12-06,2021-05-25,Entry level 2,Entry level,,Yes,,,indeed,Self employed,tbc,,,,,,,,,,,,,,,,2023-03-16,,Self-employment,2023-02-12,PT 16-30 hours per week,sign,nor,,
LT-86,1969,Non-binary,Area 3,2022-04-29,2022-11-10,tbc,2023-04-04,,,,,,,,,,,,,,,,,,,,,,,,,,,,,,,,,,2023-05-26,,Employment,2023-01-02,Government employment & training programme,future,research,2023-08-20,
GF-85,1968,Other,Area 2,2022-08-18,2022-11-25,tbc,2023-08-18,,,GL,tbc,,No,"0-4, Caring responsibilities for an adult, 5-11",2018-11-13,2020-11-19,Entry level 2,Below formal levels,,No,information,,total,PT 0-15 hours per week,tbc,Creation,2022-10-09,tbc,tbc,tbc,6 month,2023-08-13,tbc,tbc,tbc,12 month,2024-02-05,tbc,tbc,tbc,,,,,,,,,
BI-41,1998,Man,Area 1,2021-11-08,,,,,22T93301,CO,tbc,,Yes,,2017-12-22,2020-11-04,Level 2,Level 5+,,Yes,,someone,interest,Long term sick or disabled,tbc,Creation,2023-02-06,tbc,tbc,tbc,,,,,,,,,,,,,Employment,2022-10-24,FT 31 hours +,power,direction,,2022-02-13
XX-92,1982,Woman,Area 1,2022-05-23,2023-01-14,tbc,2023-08-19,,,BR,tbc,,Yes,,2016-12-22,2020-12-10,Entry level 2,Unknown,,Yes,leader,activity,,Looking after family/home,tbc,Creation,2023-01-05,tbc,tbc,tbc,6 month,2023-08-28,tbc,tbc,tbc,,,,,,2023-02-20,"sector-specific language training, another specified activity",Employment,2022-12-11,PT 0-15 hours per week,program,very,2023-10-27,2022-08-11
WW-83,1961,Prefer not to say,Area 3,2022-02-14,,,,,,,,,,,,,,,,,,,,,,,,,,,,,,,,,,,,,2023-03-13,"qualifications or skills, employability",Employment,2022-11-21,PT 16-30 hours per week,across,dinner,2023-10-18,
GU-62,1961,Non-binary,Area 1,2022-01-01,,,,EB110067A,,BL,tbc,Do not identify as Transgender,No,"0-4, 11-17, Caring responsibilities for an adult",2017-03-19,2021-01-12,Pre-entry,Entry level,,No,,,,PT 16-30 hours per week,tbc,,,,,,,,,,,,,,,,,,,,,,,,
LD-30,2003,Woman,Area 1,2022-03-16,2022-11-30,tbc,,AC799400B,,KZ,tbc,Do not identify as Transgender,Yes,,2017-10-22,2021-09-02,Pre-entry,Level 3-4,,No,oil,,,Long term sick or disabled,tbc,Creation,2022-10-29,tbc,tbc,tbc,6 month,2023-08-03,tbc,tbc,tbc,12 month,2024-02-28,tbc,tbc,tbc,2023-05-05,,Employment,2023-01-11,PT 0-15 hours per week,listen,think,2023-10-25,
BB-54,1983,Prefer not to say,Area 2,2021-11-16,2023-01-08,tbc,2023-05-22,PB554738D,,GH,tbc,Do not identify as Transgender,Yes,0-4,2020-08-03,2021-08-31,Pre-entry,Below formal levels,,Yes,,,side,Unemployed (but looking/available for work),tbc,Creation,2022-12-13,tbc,tbc,tbc,,,,,,,,,,,2023-06-16,,Self-employment,2022-11-17,Government employment & training programme,baby,draw,2023-08-19,2022-08-27
TW-73,1958,Non-binary,Area 2,2022-06-14,,,,,,,,,,,,,,,,,,,,,,Creation,2022-12-13,tbc,tbc,tbc,,,,,,,,,,,2023-06-04,,Self-employment,2022-10-22,FT 31 hours +,leg,couple,2023-08-05,
WA-36,2004,Non-binary,Area 3,2022-05-14,,,,,,,,,,,,,,,,,,,,,,,,,,,,,,,,,,,,,2023-04-13,"Registered business for self-employment, sector-specific language training",Employment,2022-10-10,PT 16-30 hours per week,education,gun,2023-11-06,
RN-04,1966,Woman,Area 1,2021-10-03,,,,CJ761553D,,TT,tbc,,No,"Caring responsibilities for an adult, 5-11",2018-01-06,2021-03-06,Level 1,Level 1-2,,Yes,data,,close,Retired,tbc,,,,,,,,,,,,,,,,2023-06-07,"sector-specific language training, sector-specific language training",Employment,2023-01-11,PT 16-30 hours per week,blood,check,2023-07-25,
SF-71,1960,Prefer not to say,Area 1,2022-05-08,,,,YH875117D,,SY,tbc,Prefer not to say,No,,2017-02-17,2021-01-19,Beyond Level 2,Unknown,,No,ability,,though,FT 31 hours +,tbc,,,,,,,,,,,,,,,,2023-06-14,"qualifications or skills, Internship",Employment,2022-11-07,Government employment & training programme,during,cause,2023-06-26,
TZ-08,1997,Non-binary,Area 3,2021-12-15,2022-11-26,tbc,2023-08-18,,,,,,,,,,,,,,,,,,,Creation,2022-12-04,tbc,tbc,tbc,6 month,2023-08-14,tbc,tbc,tbc,12 month,2024-02-17,tbc,tbc,tbc,2023-03-29,"Internship, Volunteering",Self-employment,2023-01-27,Government employment & training programme,social,everybody,,
ZC-71,1988,Other,Area 1,2022-02-05,,,,,,TJ,tbc,,Yes,0-4,2018-12-04,2020-08-04,Entry level 3,Below formal levels,,No,,,,PT 16-30 hours per week,tbc,Creation,2022-11-01,tbc,tbc,tbc,6 month,2023-08-18,tbc,tbc,tbc,12 month,2024-02-10,tbc,tbc,tbc,,,Self-employment,2023-01-04,PT 0-15 hours per week,fine,agree,,2022-03-25
QB-48,1958,Other,Area 3,2022-02-16,2022-12-13,tbc,,HX566272B,,BQ,tbc,Do not identify as Transgender,Yes,Caring responsibilities for an adult,2017-12-27,2021-03-19,Beyond Level 2,Level 5+,,No,,,,Retired,tbc,Creation,2023-01-27,tbc,tbc,tbc,6 month,2023-08-07,tbc,tbc,tbc,12 month,2024-03-02,tbc,tbc,tbc,2023-02-27,"qualifications or skills, business plan for self-employment",Employment,2023-01-31,FT 31 hours +,information,technology,2023-11-16,2021-10-03
DG-15,1972,Non-binary,Area 1,2022-07-12,2022-12-05,tbc,,,,,,,,,,,,,,,,,,,,Creation,2023-02-18,tbc,tbc,tbc,6 month,2023-08-29,tbc,tbc,tbc,12 month,2024-02-16,tbc,tbc,tbc,,,Employment,2022-10-27,PT 0-15 hours per week,writer,individual,,
UB-13,1962,Non-binary,Area 3,2022-01-24,2022-12-01,tbc,2023-06-01,KL683451A,,HM,tbc,,Yes,,2019-11-23,2021-09-26,Entry level 1,Entry level,,No,,,,PT 16-30 hours per week,tbc,Creation,2023-02-25,tbc,tbc,tbc,6 month,2023-08-11,tbc,tbc,tbc,,,,,,2023-05-26,"work experience, mentoring and/or coaching",Self-employment,2023-02-10,PT 0-15 hours per week,young,whole,2023-09-07,2022-04-28
WI-58,1991,Man,Area 3,2022-03-19,,,,PB668688C,,KE,tbc,,Yes,,2018-12-19,2021-12-22,Entry level 3,Unknown,,No,necessary,,friend,Unpaid work for relatives business,tbc,Creation,2022-11-22,tbc,tbc,tbc,6 month,2023-08-16,tbc,tbc,tbc,12 month,2024-02-18,tbc,tbc,tbc,,,,,,,,,
YJ-64,2000,Non-binary,Area 1,2022-02-08,,,,,,,,,,,,,,,,,,,,,,,,,,,,,,,,,,,,,2023-03-25,"work experience, qualifications or skills",Self-employment,2023-02-21,Government employment & training programme,practice,purpose,,
EP-78,1969,Non-binary,Area 1,2022-08-01,2023-01-06,tbc,2023-04-23,HS208320C,40T85104,GL,tbc,,No,,2017-10-08,2021-11-27,Below formal levels,Level 3-4,,Yes,,why,,Retired,tbc,,,,,,,,,,,,,,,,2023-03-06,mentoring and/or coaching,Employment,2022-10-04,FT 31 hours +,ok,recently,2023-07-11,2022-03-03
ZQ-34,1992,Prefer not to say,Area 2,2022-02-11,2022-12-23,tbc,,,,,,,,,,,,,,,,,,,,Creation,2023-02-07,tbc,tbc,tbc,6 month,2023-08-20,tbc,tbc,tbc,12 month,2024-02-11,tbc,tbc,tbc,2023-02-24,,Employment,2022-10-06,PT 16-30 hours per week,significant,medical,2023-09-28,2022-08-17
OH-88,2001,Non-binary,Area 3,2022-07-20,,,,,,,,,,,,,,,,,,,,,,Creation,2023-01-17,tbc,tbc,tbc,6 month,2023-08-05,tbc,tbc,tbc,12 month,2024-02-14,tbc,tbc,tbc,,,,,,,,,2022-08-02
EZ-28,1958,Non-binary,Area 1,2022-03-13,,,,,,KP,tbc,Prefer not to say,Yes,,2020-02-24,2022-01-07,Beyond Level 2,Level 5+,,Yes,,fact,,Self employed,tbc,Creation,2023-01-10,tbc,tbc,tbc,,,,,,,,,,,,,Self-employment,2023-02-04,Government employment & training programme,seven,trial,,
XT-94,1972,Man,Area 3,2021-10-29,2022-12-22,tbc,2023-04-02,,,,,,,,,,,,,,,,,,,Creation,2022-12-19,tbc,tbc,tbc,6 month,2023-08-02,tbc,tbc,tbc,12 month,2024-02-18,tbc,tbc,tbc,2023-07-09,another specified activity,Self-employment,2022-11-09,FT 31 hours +,wind,final,2023-08-18,
MJ-06,1976,Non-binary,Area 2,2021-12-31,2023-01-07,tbc,,,,,,,,,,,,,,,,,,,,Creation,2022-12-30,tbc,tbc,tbc,6 month,2023-08-18,tbc,tbc,tbc,,,,,,2023-03-11,,Employment,2023-01-17,PT 16-30 hours per week,condition,father,2023-07-07,2021-12-31
XM-27,1966,Man,Area 2,2022-09-22,,,,EY594785A,77T36975,LI,tbc,,Yes,,2018-03-26,2020-11-21,Entry level 2,Below formal levels,,No,follow,,,Long term sick or disabled,tbc,Creation,2022-10-18,tbc,tbc,tbc,,,,,,,,,,,2023-05-16,"work experience, training course",Self-employment,2022-10-13,FT 31 hours +,race,some,2023-09-29,
FV-89,1973,Woman,Area 3,2022-08-20,2022-12-09,tbc,2023-03-24,,,CZ,tbc,Do not identify as Transgender,No,,2017-05-11,2021-02-07,Level 2,Entry level,,Yes,state,,condition,Unemployed (but looking/available for work),tbc,Creation,2022-10-08,tbc,tbc,tbc,,,,,,,,,,,2023-06-17,"training course, employability",Employment,2022-10-20,Government employment & training programme,goal,leader,,2021-10-02
EF-38,1977,Other,Area 1,2022-04-20,,,,NG444319A,,UM,tbc,Do not identify as Transgender,No,,2018-08-31,2021-07-29,Entry level 3,Unknown,22,Yes,society,,,Unemployed (but looking/available for work),tbc,,,,,,,,,,,,,,,,2023-03-21,,Self-employment,2022-10-01,Government employment & training programme,first,where,2023-07-18,
NO-28,1994,Non-binary,Area 2,2022-02-20,,,,NK508941D,,DJ,tbc,,Yes,"0-4, Caring responsibilities for an adult, 5-11",2018-01-09,2021-05-24,Beyond Level 2,Below formal levels,,No,,,direction,PT 16-30 hours per week,tbc,Creation,2023-02-19,tbc,tbc,tbc,6 month,2023-08-28,tbc,tbc,tbc,12 month,2024-02-07,tbc,tbc,tbc,,,,,,,,,
OE-21,1961,Other,Area 3,2022-08-21,2022-12-07,tbc,2023-05-19,LK974527D,,ID,tbc,,Yes,"11-17, 5-11",2020-05-13,2021-01-29,Entry level 1,Level 1-2,,No,,fine,,Unemployed (but looking/available for work),tbc,,,,,,,,,,,,,,,,,,,,,,,,2022-01-07
FL-78,1987,Woman,Area 2,2022-04-06,2022-12-31,tbc,2023-06-06,YY402990A,38T34625,JM,tbc,Identify as transgender,No,,2018-03-24,2021-04-19,Level 1,Below formal levels,,Yes,water,authority,,Unpaid work for relatives business,tbc,,,,,,,,,,,,,,,,2023-04-24,,Employment,2023-02-21,FT 31 hours +,dinner,town,2023-09-29,
IK-83,1960,Other,Area 3,2022-03-29,2022-11-12,tbc,,ZL320206C,,QA,tbc,,Yes,,2019-04-09,2021-05-10,Entry level 1,Level 1-2,,Yes,lot,,,Looking after family/home,tbc,,,,,,,,,,,,,,,,2023-03-14,"employability, qualifications or skills",Self-employment,2022-11-15,Government employment & training programme,customer,quickly,2023-09-26,
HZ-21,1963,Other,Area 3,2022-04-21,,,,GG926255D,,MT,tbc,,No,"11-17, 0-4, 5-11",2019-11-06,2021-11-16,Entry level 2,Unknown,,No,left,,forget,PT 16-30 hours per week,tbc,,,,,,,,,,,,,,,,,,,,,,,,2022-06-04
XA-28,1995,Non-binary,Area 3,2021-11-14,,,,,,NO,tbc,,No,0-4,2019-10-02,2021-10-30,Entry level 3,Level 1-2,,No,deal,,,PT 16-30 hours per week,tbc,Creation,2023-01-31,tbc,tbc,tbc,6 month,2023-08-16,tbc,tbc,tbc,12 month,2024-02-03,tbc,tbc,tbc,2023-06-14,,Employment,2022-11-28,PT 0-15 hours per week,official,present,,2022-04-11
QD-12,1971,Other,Area 3,2022-09-01,2022-12-15,tbc,2023-08-05,,,,,,,,,,,,,,,,,,,Creation,2022-11-21,tbc,tbc,tbc,6 month,2023-08-10,tbc,tbc,tbc,12 month,2024-02-21,tbc,tbc,tbc,2023-06-26,Internship,Employment,2023-02-19,PT 0-15 hours per week,marriage,option,2023-06-27,2022-07-06
QZ-61,1998,Woman,Area 1,2021-11-12,2022-11-26,tbc,2023-03-23,BZ507020A,,ET,tbc,Identify as transgender,No,,2017-12-13,2021-01-18,Pre-entry,Level 5+,,No,against,let,,Retired,tbc,,,,,,,,,,,,,,,,,,,,,,,,
WT-87,1980,Non-binary,Area 3,2022-02-25,2022-12-01,tbc,2023-08-11,,,,,,,,,,,,,,,,,,,Creation,2022-11-03,tbc,tbc,tbc,,,,,,,,,,,,,Self-employment,2022-11-08,FT 31 hours +,wonder,yet,,2022-08-19
QB-51,1985,Woman,Area 1,2022-06-08,,,,EY920239B,,SS,tbc,,No,,2016-12-22,2020-08-03,Below formal levels,Entry level,,No,,,,Looking after family/home,tbc,,,,,,,,,,,,,,,,2023-06-13,"Registered business for self-employment, business plan for self-employment",Self-employment,2023-01-26,PT 0-15 hours per week,long,civil,2023-10-22,
RN-32,1974,Non-binary,Area 3,2021-11-08,,,,WM081594D,,MZ,tbc,Do not identify as Transgender,Yes,,2018-08-23,2021-02-05,Level 2,Level 3-4,,No,article,,among,Self employed,tbc,Creation,2022-10-21,tbc,tbc,tbc,6 month,2023-08-15,tbc,tbc,tbc,12 month,2024-02-23,tbc,tbc,tbc,,,Self-employment,2023-02-01,FT 31 hours +,say,us,,
IH-57,1978,Man,Area 2,2021-10-07,2022-12-21,tbc,2023-08-05,TH621291B,53T04138,CM,tbc,,No,,2018-08-15,2021-03-07,Below formal levels,Below formal levels,,No,,order,dog,FT 31 hours +,tbc,Creation,2023-02-04,tbc,tbc,tbc,,,,,,,,,,,,,Self-employment,2023-01-08,PT 0-15 hours per week,involve,make,,
IC-20,1989,Other,Area 1,2022-06-29,,,,JJ451150C,,FM,tbc,,No,,2018-03-10,2021-07-28,Entry level 1,Entry level,,No,law,,concern,Temporarily sick/injured,tbc,,,,,,,,,,,,,,,,,,,,,,,,
US-27,1971,Non-binary,Area 3,2021-12-21,2022-11-04,tbc,2023-06-03,HM108640C,,BE,tbc,Do not identify as Transgender,No,,2019-11-11,2021-02-12,Entry level 1,Unknown,12,No,,,under,Self employed,tbc,,,,,,,,,,,,,,,,,,Employment,2022-12-08,Government employment & training programme,develop,if,,2021-12-17
CX-20,1960,Woman,Area 3,2022-08-19,,,,,,,,,,,,,,,,,,,,,,Creation,2023-02-22,tbc,tbc,tbc,6 month,2023-08-26,tbc,tbc,tbc,12 month,2024-02-11,tbc,tbc,tbc,,,,,,,,,
KK-52,1959,Non-binary,Area 3,2022-01-23,2023-01-19,tbc,2023-06-04,YB822519D,,TF,tbc,,Yes,0-4,2019-09-14,2021-06-21,Entry level 3,Unknown,22,Yes,,which,,Self employed,tbc,Creation,2022-12-16,tbc,tbc,tbc,,,,,,,,,,,2023-04-02,training course,Self-employment,2022-12-28,PT 0-15 hours per week,late,beyond,,2021-10-19
OQ-01,1970,Other,Area 1,2021-11-24,,,,TR698492C,,MV,tbc,Prefer not to say,Yes,"0-4, 11-17, Caring responsibilities for an adult",2020-06-09,2021-05-01,Below formal levels,Level 3-4,,No,,,,Unpaid work for relatives business,tbc,,,,,,,,,,,,,,,,2023-02-11,"Volunteering, training course",Employment,2022-12-28,PT 16-30 hours per week,admit,could,,
NW-84,1974,Woman,Area 1,2022-01-15,,,,YZ479877D,,GQ,tbc,Identify as transgender,No,,2019-10-22,2021-03-02,Level 2,Below formal levels,,No,stock,,story,PT 0-15 hours per week,tbc,Creation,2022-11-28,tbc,tbc,tbc,6 month,2023-08-28,tbc,tbc,tbc,12 month,2024-03-02,tbc,tbc,tbc,,,,,,,,,2022-06-03
CN-38,1978,Other,Area 2,2022-02-10,,,,JL207123A,,NO,tbc,Do not identify as Transgender,Yes,,2018-11-04,2021-07-04,Entry level 2,Entry level,,No,,,pass,PT 0-15 hours per week,tbc,Creation,2023-01-01,tbc,tbc,tbc,6 month,2023-08-27,tbc,tbc,tbc,,,,,,2023-05-16,mentoring and/or coaching,Self-employment,2022-10-01,FT 31 hours +,us,production,2023-11-10,2021-12-22
DY-08,1966,Non-binary,Area 1,2022-03-28,,,,,,,,,,,,,,,,,,,,,,Creation,2022-10-20,tbc,tbc,tbc,6 month,2023-08-26,tbc,tbc,tbc,12 month,2024-02-28,tbc,tbc,tbc,2023-02-10,,Self-employment,2023-01-11,FT 31 hours +,information,ready,2023-07-24,2022-04-27
LS-91,1979,Man,Area 2,2021-10-09,2023-01-20,tbc,2023-09-15,JE166773A,,EG,tbc,Prefer not to say,Yes,,2019-09-16,2020-12-19,Below formal levels,Below formal levels,,Yes,peace,game,,Retired,tbc,,,,,,,,,,,,,,,,2023-03-26,,Employment,2022-10-25,PT 16-30 hours per week,number,fact,2023-09-19,2022-04-07
IA-32,1988,Non-binary,Area 2,2022-07-05,2022-11-10,tbc,2023-05-03,NM081626B,60T22516,VI,tbc,,No,Caring responsibilities for an adult,2017-09-04,2021-04-02,Level 2,Level 3-4,,No,,,nearly,Unpaid work for relatives business,tbc,Creation,2023-02-06,tbc,tbc,tbc,,,,,,,,,,,2023-06-09,Volunteering,Self-employment,2022-12-27,Government employment & training programme,want,laugh,2023-09-07,
TU-24,1960,Non-binary,Area 1,2022-04-11,,,,,,,,,,,,,,,,,,,,,,Creation,2023-01-03,tbc,tbc,tbc,,,,,,,,,,,2023-05-21,"qualifications or skills, mentoring and/or coaching",Self-employment,2023-01-28,PT 0-15 hours per week,respond,scene,,
NR-33,1979,Non-binary,Area 2,2022-03-10,2022-12-21,tbc,2023-06-18,NW440558B,,GM,tbc,Do not identify as Transgender,No,"11-17, 0-4, Caring responsibilities for an adult, 5-11",2017-05-02,2020-09-23,Entry level 3,Entry level,,Yes,significant,center,,FT 31 hours +,tbc,Creation,2022-11-13,tbc,tbc,tbc,6 month,2023-08-23,tbc,tbc,tbc,12 month,2024-02-28,tbc,tbc,tbc,,,Self-employment,2022-11-10,PT 0-15 hours per week,prove,list,,2022-07-31
GZ-25,1984,Other,Area 1,2022-04-03,2022-11-17,tbc,2023-04-27,SP406640C,82T03501,ZA,tbc,,No,"11-17, 0-4, 5-11",2018-11-26,2021-12-14,Level 1,Entry level,,No,,,story,Retired,tbc,,,,,,,,,,,,,,,,2023-03-22,employability,Self-employment,2022-12-27,PT 16-30 hours per week,because,agree,,
YW-34,1969,Woman,Area 3,2022-09-29,2022-12-16,tbc,2023-04-06,ZE696041C,,RW,tbc,Do not identify as Transgender,No,,2017-07-13,2021-10-06,Beyond Level 2,Entry level,,No,new,,,Long term sick or disabled,tbc,,,,,,,,,,,,,,,,,,Self-employment,2022-11-07,Government employment & training programme,group,defense,,
EH-00,1975,Non-binary,Area 3,2022-05-12,,,,SY686472D,,LR,tbc,Identify as transgender,Yes,,2019-10-31,2021-06-01,Beyond Level 2,Level 3-4,,Yes,,,,FT 31 hours +,tbc,Creation,2022-12-18,tbc,tbc,tbc,6 month,2023-08-26,tbc,tbc,tbc,12 month,2024-02-05,tbc,tbc,tbc,2023-06-13,another specified activity,Employment,2022-11-12,FT 31 hours +,they,guy,2023-09-23,
DH-81,1957,Other,Area 2,2021-11-14,2022-12-22,tbc,,XR785252D,,IN,tbc,,Yes,,2019-01-25,2021-08-19,Entry level 3,Level 5+,,Yes,not,pay,,Self employed,tbc,Creation,2022-11-27,tbc,tbc,tbc,,,,,,,,,,,2023-05-10,another specified activity,Employment,2023-01-01,Government employment & training programme,opportunity,well,,
EI-49,1991,Prefer not to say,Area 3,2022-04-06,,,,MW451685B,98T72996,TF,tbc,,No,5-11,2019-08-12,2020-07-26,Level 2,Level 5+,,Yes,series,,,Temporarily sick/injured,tbc,Creation,2023-02-04,tbc,tbc,tbc,,,,,,,,,,,2023-03-10,employability,Self-employment,2022-10-18,FT 31 hours +,meeting,hotel,2023-08-10,
ES-07,1966,Non-binary,Area 1,2022-01-31,2022-12-28,tbc,2023-06-25,,,GT,tbc,,No,,2018-07-31,2021-02-21,Beyond Level 2,Level 3-4,,Yes,interview,,face,Looking after family/home,tbc,Creation,2023-01-02,tbc,tbc,tbc,6 month,2023-08-07,tbc,tbc,tbc,12 month,2024-02-20,tbc,tbc,tbc,2023-06-20,training course,Employment,2023-02-25,Government employment & training programme,place,radio,2023-08-28,
JC-46,1992,Prefer not to say,Area 2,2022-05-16,,,,HA552497D,,TT,tbc,,Yes,"11-17, 0-4, Caring responsibilities for an adult",2018-08-23,2021-04-26,Level 1,Level 1-2,,No,,table,,Unemployed (but looking/available for work),tbc,,,,,,,,,,,,,,,,,,,,,,,,
FA-77,1987,Prefer not to say,Area 1,2021-10-10,,,,,,GU,tbc,Do not identify as Transgender,No,,2019-02-21,2021-11-12,Pre-entry,Level 1-2,,Yes,,,lay,Unemployed (but looking/available for work),tbc,Creation,2022-12-11,tbc,tbc,tbc,6 month,2023-08-02,tbc,tbc,tbc,12 month,2024-03-01,tbc,tbc,tbc,,,,,,,,,2021-11-24
KF-55,1969,Prefer not to say,Area 1,2021-12-04,,,,GE550166C,86T95464,AE,tbc,,No,"Caring responsibilities for an adult, 5-11",2020-03-17,2022-02-23,Level 1,Unknown,25,No,,once,phone,Retired,tbc,Creation,2022-10-09,tbc,tbc,tbc,6 month,2023-08-31,tbc,tbc,tbc,12 month,2024-02-27,tbc,tbc,tbc,,,Self-employment,2022-11-29,PT 16-30 hours per week,gun,benefit,,
TL-92,1972,Woman,Area 1,2022-05-14,2023-01-08,tbc,2023-07-28,,,,,,,,,,,,,,,,,,,,,,,,,,,,,,,,,,,,,,,,,,2022-02-07
UJ-32,2002,Man,Area 2,2022-01-07,2022-10-31,tbc,2023-08-12,,,,,,,,,,,,,,,,,,,Creation,2023-02-13,tbc,tbc,tbc,6 month,2023-08-31,tbc,tbc,tbc,12 month,2024-02-20,tbc,tbc,tbc,,,,,,,,,
JX-03,1992,Prefer not to say,Area 3,2021-11-18,2022-11-28,tbc,,BE748043A,,KR,tbc,,Yes,5-11,2018-07-14,2021-05-22,Entry level 2,Level 5+,,Yes,,try,allow,Looking after family/home,tbc,Creation,2022-10-08,tbc,tbc,tbc,6 month,2023-08-04,tbc,tbc,tbc,12 month,2024-02-04,tbc,tbc,tbc,2023-06-05,work experience,Employment,2023-01-21,PT 16-30 hours per week,international,here,2023-08-10,
EA-13,1961,Other,Area 2,2022-09-17,,,,KW773526D,95T22817,ZM,tbc,Do not identify as Transgender,No,,2018-04-23,2020-05-16,Pre-entry,Level 5+,,Yes,,building,,PT 0-15 hours per week,tbc,Creation,2022-12-18,tbc,tbc,tbc,6 month,2023-08-02,tbc,tbc,tbc,,,,,,2023-05-07,another specified activity,Self-employment,2022-12-01,PT 16-30 hours per week,against,wide,2023-10-12,
US-04,1981,Man,Area 3,2022-08-13,,,,RE786813A,,IL,tbc,,Yes,"0-4, Caring responsibilities for an adult",2017-06-24,2021-03-11,Entry level 2,Below formal levels,,Yes,six,citizen,important,Retired,tbc,,,,,,,,,,,,,,,,2023-04-29,,Employment,2022-11-18,FT 31 hours +,four,no,2023-11-03,2021-10-13
CO-12,1973,Non-binary,Area 2,2022-01-28,,,,,,PS,tbc,Identify as transgender,Yes,,2018-02-02,2021-09-01,Entry level 1,Below formal levels,,Yes,,,,Self employed,tbc,Creation,2022-09-29,tbc,tbc,tbc,,,,,,,,,,,2023-06-19,,Employment,2022-10-15,Government employment & training programme,us,take,2023-09-27,
MK-76,2000,Prefer not to say,Area 2,2022-02-22,2022-11-04,tbc,2023-05-12,,,,,,,,,,,,,,,,,,,,,,,,,,,,,,,,,,2023-06-27,,Employment,2022-12-29,FT 31 hours +,stuff,somebody,,2021-12-25
NQ-85,2001,Prefer not to say,Area 3,2022-06-30,,,,,,,,,,,,,,,,,,,,,,,,,,,,,,,,,,,,,2023-03-22,,Self-employment,2023-02-22,FT 31 hours +,minute,least,2023-11-04,
IL-79,1986,Prefer not to say,Area 3,2022-08-16,,,,GR344681C,16T17601,CW,tbc,Do not identify as Transgender,No,,2019-05-06,2021-06-02,Pre-entry,Level 3-4,,Yes,improve,play,,Self employed,tbc,Creation,2022-11-19,tbc,tbc,tbc,6 month,2023-08-30,tbc,tbc,tbc,,,,,,,,,,,,,,
OW-77,1986,Prefer not to say,Area 3,2022-04-06,2023-01-14,tbc,,WT705794B,,BI,tbc,Prefer not to say,No,0-4,2017-09-12,2021-03-09,Level 2,Level 1-2,,Yes,,believe,social,PT 0-15 hours per week,tbc,,,,,,,,,,,,,,,,2023-03-04,Internship,Self-employment,2022-12-13,FT 31 hours +,method,recently,2023-07-04,
IQ-68,1971,Prefer not to say,Area 3,2022-03-03,,,,ZB569632D,50T19079,SE,tbc,,No,,2019-02-10,2020-12-01,Pre-entry,Entry level,,No,deal,fill,trial,Unemployed (but looking/available for work),tbc,,,,,,,,,,,,,,,,2023-04-09,"mentoring and/or coaching, training course",Employment,2022-10-13,PT 16-30 hours per week,respond,field,2023-07-28,
HP-01,2003,Woman,Area 1,2022-09-13,,,,CE842100A,,UM,tbc,Prefer not to say,Yes,11-17,2017-08-26,2021-10-01,Pre-entry,Entry level,,Yes,,,,Self employed,tbc,,,,,,,,,,,,,,,,2023-05-04,,Employment,2022-10-12,PT 0-15 hours per week,property,administration,2023-07-18,
PZ-55,1970,Woman,Area 3,2021-12-21,,,,GG973722A,,RS,tbc,Identify as transgender,Yes,"0-4, Caring responsibilities for an adult, 5-11",2017-07-19,2020-11-26,Pre-entry,Entry level,,No,interview,,,Unemployed (but looking/available for work),tbc,Creation,2022-10-11,tbc,tbc,tbc,6 month,2023-08-26,tbc,tbc,tbc,12 month,2024-02-09,tbc,tbc,tbc,2023-07-05,,Self-employment,2022-11-09,FT 31 hours +,say,political,2023-08-03,
ZG-59,2001,Prefer not to say,Area 1,2022-03-07,2023-01-03,tbc,2023-06-09,,,RS,tbc,,Yes,,2018-08-22,2021-01-14,Pre-entry,Entry level,,No,fight,own,government,Unpaid work for relatives business,tbc,,,,,,,,,,,,,,,,2023-07-09,"another specified activity, another specified activity",Self-employment,2023-02-23,PT 0-15 hours per week,commercial,unit,2023-08-28,2022-05-31
KR-08,1981,Non-binary,Area 2,2022-05-17,,,,SM613486D,36T08338,KY,tbc,,No,,2019-01-22,2020-10-10,Level 1,Level 3-4,,Yes,mission,,deal,Self employed,tbc,,,,,,,,,,,,,,,,,,Self-employment,2022-11-05,PT 0-15 hours per week,herself,purpose,,
BP-19,1986,Woman,Area 1,2021-10-07,2022-11-18,tbc,,,,,,,,,,,,,,,,,,,,Creation,2023-02-11,tbc,tbc,tbc,,,,,,,,,,,,,Employment,2022-12-30,FT 31 hours +,let,white,,
OG-72,1987,Prefer not to say,Area 3,2022-06-26,2023-01-10,tbc,2023-07-24,,,TJ,tbc,Do not identify as Transgender,No,,2019-07-27,2021-10-02,Level 2,Unknown,,Yes,,,,Temporarily sick/injured,tbc,,,,,,,,,,,,,,,,2023-06-14,employability,Self-employment,2022-12-02,Government employment & training programme,environmental,cause,2023-08-12,
TO-97,2001,Woman,Area 2,2022-07-11,2023-01-23,tbc,2023-07-09,,,KN,tbc,Do not identify as Transgender,Yes,"0-4, Caring responsibilities for an adult",2019-04-22,2021-06-07,Below formal levels,Level 1-2,,No,draw,,special,Retired,tbc,,,,,,,,,,,,,,,,,,,,,,,,
QR-33,1976,Non-binary,Area 1,2022-06-11,2022-12-17,tbc,2023-04-11,AS671042C,,UZ,tbc,,Yes,,2018-08-03,2021-01-16,Level 2,Below formal levels,,No,thus,,,Long term sick or disabled,tbc,,,,,,,,,,,,,,,,2023-04-08,"Internship, mentoring and/or coaching",Employment,2023-01-19,FT 31 hours +,sport,free,2023-09-16,
AB-91,1963,Man,Area 3,2022-03-21,2023-01-16,tbc,,HX022275B,,NG,tbc,Do not identify as Transgender,Yes,,2018-06-11,2021-01-06,Entry level 2,Level 3-4,,Yes,rock,every,vote,PT 16-30 hours per week,tbc,Creation,2022-10-24,tbc,tbc,tbc,6 month,2023-08-14,tbc,tbc,tbc,12 month,2024-02-25,tbc,tbc,tbc,2023-02-23,"training course, Volunteering",Employment,2023-02-08,PT 16-30 hours per week,scene,policy,2023-09-29,
TI-51,1985,Other,Area 1,2022-04-23,2022-12-26,tbc,,,,PW,tbc,Do not identify as Transgender,No,,2019-11-07,2021-02-15,Level 1,Below formal levels,,Yes,difference,,,Government employment & training programme,tbc,,,,,,,,,,,,,,,,2023-02-11,,Employment,2022-12-20,Government employment & training programme,hotel,popular,2023-08-31,
FI-38,1988,Man,Area 2,2021-10-18,,,,CW164010B,,LS,tbc,Prefer not to say,No,"11-17, Caring responsibilities for an adult",2018-05-24,2021-11-17,Entry level 2,Entry level,,Yes,,culture,,PT 0-15 hours per week,tbc,,,,,,,,,,,,,,,,2023-04-03,Registered business for self-employment,Employment,2022-12-09,FT 31 hours +,style,hit,2023-09-06,2022-02-13
DG-78,1959,Woman,Area 3,2022-05-17,2022-11-28,tbc,,,,,,,,,,,,,,,,,,,,Creation,2022-12-10,tbc,tbc,tbc,6 month,2023-08-25,tbc,tbc,tbc,12 month,2024-02-11,tbc,tbc,tbc,2023-04-07,mentoring and/or coaching,Self-employment,2022-10-01,Government employment & training programme,quite,push,2023-08-23,
BT-43,1987,Woman,Area 3,2021-11-02,,,,,,,,,,,,,,,,,,,,,,Creation,2022-11-27,tbc,tbc,tbc,6 month,2023-08-07,tbc,tbc,tbc,12 month,2024-02-04,tbc,tbc,tbc,2023-02-20,,Self-employment,2022-10-27,Government employment & training programme,travel,research,2023-07-31,
LO-35,1983,Other,Area 3,2021-12-28,2022-11-01,tbc,2023-07-27,TM652583C,,EG,tbc,,Yes,,2020-01-23,2021-10-01,Level 2,Entry level,,Yes,wonder,manager,analysis,PT 0-15 hours per week,tbc,Creation,2023-01-16,tbc,tbc,tbc,6 month,2023-08-22,tbc,tbc,tbc,12 month,2024-02-27,tbc,tbc,tbc,,,Self-employment,2023-01-29,FT 31 hours +,arm,career,,
CT-44,1986,Non-binary,Area 2,2022-06-09,2022-12-31,tbc,,,49T66844,CI,tbc,Do not identify as Transgender,Yes,,2018-03-24,2021-01-14,Entry level 3,Unknown,14,Yes,,,measure,Unemployed (but looking/available for work),tbc,Creation,2022-11-08,tbc,tbc,tbc,6 month,2023-08-08,tbc,tbc,tbc,12 month,2024-02-07,tbc,tbc,tbc,,,Self-employment,2023-01-25,FT 31 hours +,bill,civil,,
ZC-44,1992,Prefer not to say,Area 3,2022-05-28,2022-11-12,tbc,2023-07-17,HW556888A,24T78667,MU,tbc,,No,"11-17, 0-4, 5-11",2019-09-16,2020-11-09,Beyond Level 2,Below formal levels,,No,police,join,seat,Looking after family/home,tbc,Creation,2023-01-08,tbc,tbc,tbc,6 month,2023-08-19,tbc,tbc,tbc,12 month,2024-02-06,tbc,tbc,tbc,,,Self-employment,2022-11-19,PT 0-15 hours per week,few,quite,,2022-02-19
FH-84,1964,Woman,Area 2,2022-04-22,2022-10-26,tbc,2023-08-05,,,,,,,,,,,,,,,,,,,Creation,2022-11-15,tbc,tbc,tbc,6 month,2023-08-06,tbc,tbc,tbc,,,,,,,,,,,,,,
PH-91,1973,Non-binary,Area 2,2022-01-31,2023-01-12,tbc,,YR685983D,,UZ,tbc,,Yes,,2017-08-18,2021-04-24,Below formal levels,Entry level,,No,series,,,FT 31 hours +,tbc,Creation,2022-12-28,tbc,tbc,tbc,6 month,2023-08-31,tbc,tbc,tbc,12 month,2024-02-06,tbc,tbc,tbc,2023-03-12,,Self-employment,2022-10-30,PT 16-30 hours per week,general,last,,
GR-78,1998,Man,Area 2,2022-07-12,,,,MB737132C,,VU,tbc,Identify as transgender,Yes,"11-17, 0-4, Caring responsibilities for an adult, 5-11",2017-10-13,2021-11-26,Below formal levels,Level 3-4,,No,,boy,sort,Unpaid work for relatives business,tbc,Creation,2022-10-30,tbc,tbc,tbc,6 month,2023-08-31,tbc,tbc,tbc,12 month,2024-02-07,tbc,tbc,tbc,2023-04-28,,Employment,2022-10-07,FT 31 hours +,PM,common,2023-10-16,
SF-43,1982,Woman,Area 3,2022-05-29,,,,,,,,,,,,,,,,,,,,,,Creation,2022-10-31,tbc,tbc,tbc,6 month,2023-08-13,tbc,tbc,tbc,,,,,,,,,,,,,,
TI-19,1989,Other,Area 2,2022-09-06,,,,BS807581D,,GM,tbc,Identify as transgender,Yes,,2019-05-08,2021-02-14,Level 1,Level 3-4,,No,,,,Long term sick or disabled,tbc,Creation,2022-10-20,tbc,tbc,tbc,6 month,2023-08-03,tbc,tbc,tbc,12 month,2024-02-28,tbc,tbc,tbc,,,,,,,,,
DE-10,2001,Prefer not to say,Area 2,2022-02-20,,,,GZ400177D,,FR,tbc,Identify as transgender,Yes,5-11,2019-04-22,2021-05-05,Pre-entry,Unknown,14,No,doctor,agency,,PT 0-15 hours per week,tbc,Creation,2022-12-07,tbc,tbc,tbc,6 month,2023-08-07,tbc,tbc,tbc,12 month,2024-02-13,tbc,tbc,tbc,,,Employment,2022-12-08,PT 0-15 hours per week,heart,natural,,
NH-71,1995,Non-binary,Area 2,2022-08-31,2022-12-09,tbc,2023-07-11,,,KY,tbc,Prefer not to say,No,,2019-01-24,2021-12-11,Level 2,Entry level,,Yes,,happy,,Self employed,tbc,Creation,2023-01-16,tbc,tbc,tbc,6 month,2023-08-25,tbc,tbc,tbc,12 month,2024-02-11,tbc,tbc,tbc,2023-03-31,,Employment,2023-02-17,FT 31 hours +,good,level,2023-07-07,
WL-19,1990,Prefer not to say,Area 3,2022-07-29,2022-12-28,tbc,2023-06-12,HB863768A,91T59639,TK,tbc,Do not identify as Transgender,Yes,,2019-08-04,2022-01-23,Beyond Level 2,Below formal levels,,Yes,,,,FT 31 hours +,tbc,Creation,2022-12-27,tbc,tbc,tbc,,,,,,,,,,,,,Employment,2023-02-19,PT 16-30 hours per week,sing,though,,
OY-64,1960,Other,Area 1,2022-05-18,,,,WG588731D,,YE,tbc,,No,,2020-07-01,2021-06-16,Level 2,Level 3-4,,No,two,teacher,,Long term sick or disabled,tbc,,,,,,,,,,,,,,,,2023-02-19,"Volunteering, Internship",Self-employment,2023-01-01,Government employment & training programme,watch,responsibility,,
WX-30,1998,Woman,Area 1,2022-02-13,2022-11-24,tbc,,JE093967D,,JP,tbc,Prefer not to say,No,,2018-07-22,2021-07-22,Below formal levels,Level 1-2,,Yes,price,,meet,Unpaid work for relatives business,tbc,Creation,2023-01-23,tbc,tbc,tbc,6 month,2023-08-02,tbc,tbc,tbc,12 month,2024-02-18,tbc,tbc,tbc,,,Self-employment,2022-11-22,PT 0-15 hours per week,bring,television,,
RI-41,2000,Prefer not to say,Area 2,2021-11-03,,,,NE886769D,,AW,tbc,,No,,2017-09-24,2021-01-06,Pre-entry,Entry level,,Yes,,condition,,Unemployed (but looking/available for work),tbc,,,,,,,,,,,,,,,,2023-02-24,"work experience, Volunteering",Self-employment,2022-12-14,PT 16-30 hours per week,down,set,,
NA-62,1972,Other,Area 1,2022-08-10,2022-11-03,tbc,,HW451308B,,KI,tbc,,No,"0-4, 5-11",2019-08-03,2020-11-04,Below formal levels,Below formal levels,,No,,,,Government employment & training programme,tbc,Creation,2022-12-02,tbc,tbc,tbc,,,,,,,,,,,,,Self-employment,2022-12-17,PT 16-30 hours per week,attention,color,,
LQ-79,1984,Other,Area 2,2022-01-24,2023-01-20,tbc,2023-09-07,SG523679D,,FO,tbc,Prefer not to say,Yes,,2019-01-31,2021-06-15,Level 2,Below formal levels,,No,,,defense,Unemployed (but looking/available for work),tbc,Creation,2023-02-05,tbc,tbc,tbc,6 month,2023-08-15,tbc,tbc,tbc,12 month,2024-02-27,tbc,tbc,tbc,,,Self-employment,2022-12-21,Government employment & training programme,good,drop,,2022-04-26
RR-41,1996,Other,Area 3,2022-05-19,,,,CN523020B,76T20739,IL,tbc,Do not identify as Transgender,No,,2017-09-27,2021-01-02,Beyond Level 2,Below formal levels,,Yes,,trade,probably,Government employment & training programme,tbc,Creation,2022-10-22,tbc,tbc,tbc,,,,,,,,,,,,,,,,,,,
KT-74,1963,Prefer not to say,Area 3,2022-08-13,2022-11-03,tbc,2023-08-09,KG771790C,,CO,tbc,,No,"11-17, Caring responsibilities for an adult, 5-11",2019-08-31,2021-07-22,Level 1,Level 3-4,,Yes,teacher,character,,Temporarily sick/injured,tbc,Creation,2022-10-14,tbc,tbc,tbc,6 month,2023-08-09,tbc,tbc,tbc,12 month,2024-02-05,tbc,tbc,tbc,2023-05-29,"work experience, business plan for self-employment",Self-employment,2023-02-10,FT 31 hours +,shoulder,guess,2023-06-27,
SV-68,1970,Non-binary,Area 2,2022-07-31,2023-01-22,tbc,2023-04-24,,,ML,tbc,Do not identify as Transgender,No,,2017-11-21,2020-09-18,Entry level 3,Below formal levels,,No,,off,develop,Retired,tbc,,,,,,,,,,,,,,,,2023-05-18,"work experience, business plan for self-employment",Employment,2022-11-03,PT 0-15 hours per week,business,ok,2023-09-16,
TT-85,1977,Other,Area 3,2021-12-07,2022-11-20,tbc,2023-08-02,,,ZM,tbc,,Yes,"0-4, Caring responsibilities for an adult, 5-11",2017-12-30,2021-02-16,Beyond Level 2,Unknown,,No,peace,appear,generation,PT 16-30 hours per week,tbc,Creation,2022-12-27,tbc,tbc,tbc,6 month,2023-08-21,tbc,tbc,tbc,,,,,,2023-05-13,,Self-employment,2022-11-29,PT 0-15 hours per week,late,upon,,
VK-71,1984,Woman,Area 3,2022-04-16,,,,NL027115B,,AZ,tbc,Identify as transgender,Yes,,2017-04-18,2020-10-06,Entry level 2,Level 1-2,,No,these,defense,,PT 16-30 hours per week,tbc,,,,,,,,,,,,,,,,2023-03-27,,Employment,2023-01-31,PT 0-15 hours per week,forget,court,2023-08-16,2022-04-24
KD-03,1962,Prefer not to say,Area 1,2022-07-10,,,,SG466982B,04T93719,IS,tbc,Identify as transgender,Yes,"11-17, 0-4, 5-11",2018-07-11,2021-11-16,Pre-entry,Level 5+,,No,wait,,speak,Temporarily sick/injured,tbc,Creation,2022-12-24,tbc,tbc,tbc,6 month,2023-08-21,tbc,tbc,tbc,12 month,2024-02-20,tbc,tbc,tbc,,,Employment,2023-01-30,Government employment & training programme,teach,success,,
RN-00,1987,Prefer not to say,Area 2,2022-04-26,,,,XJ501139C,,GL,tbc,Do not identify as Transgender,No,"11-17, Caring responsibilities for an adult, 5-11",2018-07-19,2021-02-28,Entry level 2,Entry level,,Yes,,financial,report,FT 31 hours +,tbc,Creation,2023-01-10,tbc,tbc,tbc,,,,,,,,,,,2023-02-10,employability,Employment,2022-10-14,FT 31 hours +,successful,suffer,2023-11-10,2022-04-07
BZ-10,1965,Non-binary,Area 1,2022-05-05,,,,,,,,,,,,,,,,,,,,,,Creation,2022-12-25,tbc,tbc,tbc,,,,,,,,,,,,,Employment,2022-09-26,PT 0-15 hours per week,wall,without,,
KL-79,1998,Woman,Area 2,2022-09-23,2022-12-05,tbc,2023-05-31,,,,,,,,,,,,,,,,,,,Creation,2023-01-06,tbc,tbc,tbc,,,,,,,,,,,,,Self-employment,2022-11-09,PT 0-15 hours per week,team,executive,,
LK-96,1972,Man,Area 2,2022-02-13,,,,PN262708B,,MH,tbc,,No,"0-4, 11-17, Caring responsibilities for an adult, 5-11",2018-07-26,2020-08-27,Below formal levels,Unknown,20,No,,,summer,PT 16-30 hours per week,tbc,,,,,,,,,,,,,,,,,,,,,,,,
XN-20,1999,Prefer not to say,Area 3,2022-08-02,2022-12-19,tbc,2023-05-25,GE781257D,,CH,tbc,,Yes,,2019-11-06,2021-06-28,Entry level 3,Below formal levels,,Yes,low,piece,,Long term sick or disabled,tbc,Creation,2022-12-28,tbc,tbc,tbc,6 month,2023-08-11,tbc,tbc,tbc,12 month,2024-02-20,tbc,tbc,tbc,2023-03-15,,Self-employment,2022-12-15,PT 16-30 hours per week,plan,give,2023-09-05,
RH-74,1960,Man,Area 3,2022-06-04,2022-11-10,tbc,2023-08-06,,,BA,tbc,Prefer not to say,Yes,"11-17, Caring responsibilities for an adult, 5-11",2019-03-17,2020-11-18,Pre-entry,Level 1-2,,No,place,position,,Unpaid work for relatives business,tbc,Creation,2022-10-18,tbc,tbc,tbc,6 month,2023-08-08,tbc,tbc,tbc,,,,,,2023-04-19,,Self-employment,2022-10-27,Government employment & training programme,several,man,,
YL-54,1993,Other,Area 3,2022-03-24,2022-12-20,tbc,,KG361013D,,CC,tbc,Identify as transgender,Yes,,2019-09-27,2020-11-18,Entry level 2,Below formal levels,,Yes,hold,,,Unpaid work for relatives business,tbc,Creation,2022-11-04,tbc,tbc,tbc,,,,,,,,,,,2023-05-08,"employability, training course",Employment,2023-02-06,Government employment & training programme,local,record,,
ME-87,1971,Prefer not to say,Area 2,2022-09-30,,,,KX762903C,,LB,tbc,Identify as transgender,No,"11-17, Caring responsibilities for an adult",2017-07-01,2021-04-24,Entry level 2,Below formal levels,,Yes,hospital,challenge,key,Government employment & training programme,tbc,Creation,2022-12-28,tbc,tbc,tbc,6 month,2023-08-05,tbc,tbc,tbc,12 month,2024-02-21,tbc,tbc,tbc,2023-06-15,,Self-employment,2022-12-23,Government employment & training programme,institution,thought,2023-08-22,
IT-70,1981,Man,Area 1,2022-02-21,2023-01-22,tbc,2023-09-20,ZB377527C,,BV,tbc,Do not identify as Transgender,No,"11-17, 5-11",2017-11-11,2021-03-01,Beyond Level 2,Level 1-2,,Yes,what,war,matter,PT 16-30 hours per week,tbc,Creation,2022-10-17,tbc,tbc,tbc,6 month,2023-08-24,tbc,tbc,tbc,,,,,,2023-03-10,,Employment,2022-11-22,PT 0-15 hours per week,article,current,2023-10-29,
BK-17,1991,Man,Area 3,2021-10-23,2022-12-27,tbc,2023-04-21,PC312733D,92T59611,HU,tbc,,Yes,"0-4, Caring responsibilities for an adult, 5-11",2020-04-29,2021-05-15,Level 2,Level 3-4,,Yes,,carry,dinner,Long term sick or disabled,tbc,Creation,2022-11-13,tbc,tbc,tbc,6 month,2023-08-19,tbc,tbc,tbc,,,,,,2023-04-25,,Employment,2022-09-26,PT 16-30 hours per week,degree,point,,
CS-56,1968,Man,Area 2,2021-10-30,2023-01-17,tbc,2023-08-17,XK320665D,,PS,tbc,Prefer not to say,Yes,,2019-12-16,2021-10-19,Level 2,Level 1-2,,No,cell,,training,PT 16-30 hours per week,tbc,,,,,,,,,,,,,,,,,,Employment,2022-10-13,Government employment & training programme,determine,imagine,,
TZ-09,1995,Man,Area 2,2022-09-11,,,,,,HN,tbc,Do not identify as Transgender,No,"11-17, 0-4, 5-11",2019-09-16,2021-02-16,Level 2,Level 1-2,,No,,,real,Unemployed (but looking/available for work),tbc,Creation,2022-11-09,tbc,tbc,tbc,6 month,2023-08-02,tbc,tbc,tbc,12 month,2024-02-06,tbc,tbc,tbc,2023-05-04,"training course, qualifications or skills",Employment,2023-02-24,PT 16-30 hours per week,only,parent,2023-08-13,
ID-26,1989,Non-binary,Area 3,2021-11-24,,,,XA853697D,,TV,tbc,Prefer not to say,Yes,"0-4, 11-17, Caring responsibilities for an adult",2018-12-12,2022-02-02,Level 1,Unknown,,Yes,visit,,money,Self employed,tbc,Creation,2023-01-10,tbc,tbc,tbc,6 month,2023-08-18,tbc,tbc,tbc,12 month,2024-02-22,tbc,tbc,tbc,2023-03-13,"employability, employability",Self-employment,2023-01-09,PT 16-30 hours per week,interesting,street,2023-08-11,
DZ-51,1987,Prefer not to say,Area 3,2021-12-06,2023-01-13,tbc,2023-03-23,,,,,,,,,,,,,,,,,,,Creation,2022-10-15,tbc,tbc,tbc,,,,,,,,,,,,,,,,,,,2022-01-04
HP-54,1967,Prefer not to say,Area 1,2022-09-13,,,,,,PT,tbc,,Yes,0-4,2019-04-26,2021-01-21,Level 1,Level 5+,,Yes,,hot,,Self employed,tbc,Creation,2023-01-25,tbc,tbc,tbc,6 month,2023-08-02,tbc,tbc,tbc,12 month,2024-02-12,tbc,tbc,tbc,2023-05-04,"Volunteering, mentoring and/or coaching",Employment,2023-01-07,PT 0-15 hours per week,free,identify,2023-09-25,2021-11-04
KS-25,1961,Prefer not to say,Area 1,2021-10-20,2022-12-08,tbc,2023-05-20,,,,,,,,,,,,,,,,,,,,,,,,,,,,,,,,,,2023-06-09,"Internship, Internship",Employment,2022-09-28,Government employment & training programme,decade,business,2023-11-03,
UH-89,1972,Woman,Area 1,2022-08-12,2022-12-17,tbc,2023-07-10,PT666963A,,LC,tbc,,Yes,"11-17, 0-4",2017-11-13,2020-06-23,Below formal levels,Entry level,,Yes,sing,,,Unpaid work for relatives business,tbc,Creation,2023-01-30,tbc,tbc,tbc,,,,,,,,,,,2023-03-03,another specified activity,Self-employment,2022-11-21,PT 16-30 hours per week,good,tree,2023-07-08,
RI-69,1986,Other,Area 3,2022-01-12,2022-12-03,tbc,2023-05-13,SP362793D,,EG,tbc,,No,"11-17, Caring responsibilities for an adult, 5-11",2019-10-21,2021-06-07,Entry level 1,Unknown,18,No,,describe,parent,Unemployed (but looking/available for work),tbc,Creation,2022-10-08,tbc,tbc,tbc,6 month,2023-08-05,tbc,tbc,tbc,,,,,,,,Self-employment,2022-11-28,Government employment & training programme,former,practice,,
OS-40,1978,Man,Area 3,2022-02-20,2022-11-10,tbc,,HE313490A,,PK,tbc,,Yes,,2019-02-05,2020-10-09,Entry level 3,Level 1-2,,Yes,whose,recently,near,Retired,tbc,Creation,2023-01-20,tbc,tbc,tbc,6 month,2023-08-28,tbc,tbc,tbc,12 month,2024-02-05,tbc,tbc,tbc,2023-02-14,work experience,Employment,2023-02-10,FT 31 hours +,television,continue,2023-10-17,2021-12-27
CR-16,1990,Other,Area 1,2022-06-15,2022-11-01,tbc,2023-05-27,AY524495A,60T75435,SR,tbc,Identify as transgender,Yes,,2017-12-18,2021-01-28,Level 2,Level 5+,,Yes,,,,Government employment & training programme,tbc,Creation,2022-11-10,tbc,tbc,tbc,6 month,2023-08-20,tbc,tbc,tbc,12 month,2024-02-11,tbc,tbc,tbc,2023-04-02,,Self-employment,2022-11-14,PT 0-15 hours per week,reduce,some,2023-07-09,
